{"04f316f5-6d18-40cd":{"x":0,"y":-139,"width":1349,"height":657,"top":-139,"right":1349,"bottom":518,"left":0},"3488e009-08f1-486e":{"x":0,"y":-139,"width":1349,"height":657,"top":-139,"right":1349,"bottom":518,"left":0},"8f2d94f4-0324-456f":{"x":0,"y":-139,"width":1349,"height":277,"top":-139,"right":1349,"bottom":138,"left":0},"c2572f61-e4f6-405a":{"x":184.5,"y":-33,"width":980,"height":52,"top":-33,"right":1164.5,"bottom":19,"left":184.5},"f8504f53-7bca-4cba":{"x":887.390625,"y":-33,"width":277.109375,"height":35,"top":-33,"right":1164.5,"bottom":2,"left":887.390625},"67a62c98-4c64-4dc6":{"x":891.390625,"y":-38,"width":78.25,"height":40,"top":-38,"right":969.640625,"bottom":2,"left":891.390625},"ab78b2ea-5433-4425":{"x":891.390625,"y":-38,"width":78.25,"height":40,"top":-38,"right":969.640625,"bottom":2,"left":891.390625},"63b13201-1c1d-4aa3":{"x":973.640625,"y":-38,"width":117.28125,"height":40,"top":-38,"right":1090.921875,"bottom":2,"left":973.640625},"05dd04c9-f5c7-460b":{"x":973.640625,"y":-38,"width":117.28125,"height":40,"top":-38,"right":1090.921875,"bottom":2,"left":973.640625},"eb37f41d-617b-4eda":{"x":1094.921875,"y":-38,"width":69.578125,"height":40,"top":-38,"right":1164.5,"bottom":2,"left":1094.921875},"7db456c8-c89d-4383":{"x":1094.921875,"y":-38,"width":69.578125,"height":40,"top":-38,"right":1164.5,"bottom":2,"left":1094.921875},"f30e5752-dab7-4c73":{"x":184.5,"y":19,"width":980,"height":119,"top":19,"right":1164.5,"bottom":138,"left":184.5},"28caeae2-da1f-4053":{"x":184.5,"y":39,"width":980,"height":79,"top":39,"right":1164.5,"bottom":118,"left":184.5},"21659787-e2d2-4b24":{"x":184.5,"y":39,"width":980,"height":79,"top":39,"right":1164.5,"bottom":118,"left":184.5},"11cfd8d3-1c3e-4b33":{"x":626.828125,"y":39,"width":334.09375,"height":39,"top":39,"right":960.921875,"bottom":78,"left":626.828125},"737addff-5550-4546":{"x":646.828125,"y":39,"width":314.09375,"height":39,"top":39,"right":960.921875,"bottom":78,"left":646.828125},"c6589c22-1d2a-44a8":{"x":646.828125,"y":39,"width":107.9375,"height":39,"top":39,"right":754.765625,"bottom":78,"left":646.828125},"14a9453d-bf72-4210":{"x":646.828125,"y":39,"width":97.9375,"height":39,"top":39,"right":744.765625,"bottom":78,"left":646.828125},"2fca14fc-b53a-49fd":{"x":666.828125,"y":49,"width":57.9375,"height":19,"top":49,"right":724.765625,"bottom":68,"left":666.828125},"2e37b183-42e6-47d1":{"x":754.765625,"y":39,"width":108.34375,"height":39,"top":39,"right":863.109375,"bottom":78,"left":754.765625},"5d81e824-ee83-4a39":{"x":754.765625,"y":39,"width":98.34375,"height":39,"top":39,"right":853.109375,"bottom":78,"left":754.765625},"6f800821-9f6f-47d1":{"x":774.765625,"y":49,"width":58.34375,"height":19,"top":49,"right":833.109375,"bottom":68,"left":774.765625},"994ce7e1-21ec-439c":{"x":863.109375,"y":39,"width":97.8125,"height":39,"top":39,"right":960.921875,"bottom":78,"left":863.109375},"27e4e644-a7eb-497c":{"x":863.109375,"y":39,"width":87.8125,"height":39,"top":39,"right":950.921875,"bottom":78,"left":863.109375},"21542a4a-7308-421d":{"x":883.109375,"y":49,"width":47.8125,"height":19,"top":49,"right":930.921875,"bottom":68,"left":883.109375},"59c04e3c-5a85-4a5f":{"x":184.5,"y":78,"width":776.421875,"height":40,"top":78,"right":960.921875,"bottom":118,"left":184.5},"b4b50641-d05f-44e6":{"x":184.5,"y":78,"width":746.421875,"height":40,"top":78,"right":930.921875,"bottom":118,"left":184.5},"0e902735-cdf3-4a6d":{"x":960.921875,"y":39,"width":203.578125,"height":79,"top":39,"right":1164.5,"bottom":118,"left":960.921875},"a6455c3e-5748-4f22":{"x":960.921875,"y":39,"width":203.578125,"height":63,"top":39,"right":1164.5,"bottom":102,"left":960.921875},"ff34742c-afc2-4d73":{"x":970.921875,"y":39,"width":193.578125,"height":63,"top":39,"right":1164.5,"bottom":102,"left":970.921875},"af17d062-03d1-455d":{"x":970.921875,"y":39,"width":193.578125,"height":40,"top":39,"right":1164.5,"bottom":79,"left":970.921875},"8cc5f3c9-bc9f-49b6":{"x":980.921875,"y":49,"width":135,"height":20,"top":49,"right":1115.921875,"bottom":69,"left":980.921875},"448bd481-37aa-496c":{"x":1135.921875,"y":39,"width":18.578125,"height":40,"top":39,"right":1154.5,"bottom":79,"left":1135.921875},"d61bb136-0040-4af5":{"x":1065.484375,"y":79,"width":99.015625,"height":23,"top":79,"right":1164.5,"bottom":102,"left":1065.484375},"9957dd57-fcea-4ac7":{"x":0,"y":138,"width":1349,"height":2686.375,"top":138,"right":1349,"bottom":2824.375,"left":0},"9058706d-defc-4a06":{"x":0,"y":138,"width":1349,"height":107.1875,"top":138,"right":1349,"bottom":245.1875,"left":0},"e6e6610d-bff6-47c9":{"x":0,"y":138,"width":1349,"height":107.1875,"top":138,"right":1349,"bottom":245.1875,"left":0},"cc54b5b1-d70a-4609":{"x":184.5,"y":156,"width":980,"height":71.1875,"top":156,"right":1164.5,"bottom":227.1875,"left":184.5},"f820cf84-8ae3-4265":{"x":184.5,"y":156,"width":980,"height":47,"top":156,"right":1164.5,"bottom":203,"left":184.5},"592cea6e-edb5-4b1e":{"x":194.5,"y":166,"width":912,"height":27,"top":166,"right":1106.5,"bottom":193,"left":194.5},"ce64db51-a482-4bcd":{"x":1135.921875,"y":166,"width":18.578125,"height":20,"top":166,"right":1154.5,"bottom":186,"left":1135.921875},"94f1e141-0d93-411a":{"x":1135.921875,"y":166,"width":18.578125,"height":20,"top":166,"right":1154.5,"bottom":186,"left":1135.921875},"4ff999cf-c4f3-400a":{"x":1061.875,"y":203,"width":102.625,"height":24.1875,"top":203,"right":1164.5,"bottom":227.1875,"left":1061.875},"31925413-badb-4e15":{"x":0,"y":263.1875,"width":1349,"height":121.1875,"top":263.1875,"right":1349,"bottom":384.375,"left":0},"8871fde2-d859-49b0":{"x":184.5,"y":263.1875,"width":980,"height":29,"top":263.1875,"right":1164.5,"bottom":292.1875,"left":184.5},"ad90c19d-b9dd-4ad8":{"x":184.5,"y":263.1875,"width":200,"height":13,"top":263.1875,"right":384.5,"bottom":276.1875,"left":184.5},"60738d95-d8ed-4e4c":{"x":384.5,"y":263.1875,"width":580,"height":29,"top":263.1875,"right":964.5,"bottom":292.1875,"left":384.5},"2600ed98-8191-4876":{"x":384.5,"y":268.09375,"width":46.25,"height":19.1875,"top":268.09375,"right":430.75,"bottom":287.28125,"left":384.5},"ceb518ab-fa68-4c20":{"x":434.375,"y":263.1875,"width":225,"height":29,"top":263.1875,"right":659.375,"bottom":292.1875,"left":434.375},"ef30a196-0d6a-4d49":{"x":434.375,"y":263.1875,"width":225,"height":29,"top":263.1875,"right":659.375,"bottom":292.1875,"left":434.375},"83e10a49-f2fd-4757":{"x":434.375,"y":263.1875,"width":225,"height":29,"top":263.1875,"right":659.375,"bottom":292.1875,"left":434.375},"f5a97b42-1f15-4f93":{"x":964.5,"y":263.1875,"width":200,"height":28,"top":263.1875,"right":1164.5,"bottom":291.1875,"left":964.5},"c5d7ca29-8edb-431a":{"x":995.265625,"y":263.1875,"width":137.609375,"height":28,"top":263.1875,"right":1132.875,"bottom":291.1875,"left":995.265625},"a56ee724-cba0-43b7":{"x":857.65625,"y":303.1875,"width":350,"height":10,"top":303.1875,"right":1207.65625,"bottom":313.1875,"left":857.65625},"0953a3f0-05c3-4e06":{"x":1136.5,"y":263.1875,"width":28,"height":28,"top":263.1875,"right":1164.5,"bottom":291.1875,"left":1136.5},"3a3b57a9-5ece-4590":{"x":0,"y":319.1875,"width":1349,"height":65.1875,"top":319.1875,"right":1349,"bottom":384.375,"left":0},"4797afd4-e587-41c5":{"x":0,"y":319.1875,"width":1349,"height":65.1875,"top":319.1875,"right":1349,"bottom":384.375,"left":0},"49b09551-7b1b-4500":{"x":184.5,"y":319.1875,"width":980,"height":65.1875,"top":319.1875,"right":1164.5,"bottom":384.375,"left":184.5},"4a6ed676-c2ab-45fc":{"x":184.5,"y":342.78125,"width":83.34375,"height":18,"top":342.78125,"right":267.84375,"bottom":360.78125,"left":184.5},"18e770a4-9e13-47f0":{"x":267.84375,"y":337.1875,"width":361.828125,"height":29.1875,"top":337.1875,"right":629.671875,"bottom":366.375,"left":267.84375},"6e7421cd-cf6d-4aaf":{"x":267.84375,"y":337.1875,"width":229.828125,"height":29.1875,"top":337.1875,"right":497.671875,"bottom":366.375,"left":267.84375},"681dc6be-457c-4b21":{"x":480.21875,"y":344.1875,"width":17.453125,"height":15,"top":344.1875,