{"8d99a905-8c9c-4bc0":{"x":184.5,"y":-1785,"width":980,"height":23151.0625,"top":-1785,"right":1164.5,"bottom":21366.0625,"left":184.5},"a9f7ecb9-85bb-4a1d":{"x":184.5,"y":-1785,"width":980,"height":23151.0625,"top":-1785,"right":1164.5,"bottom":21366.0625,"left":184.5},"ec7d22d0-0901-48d9":{"x":0,"y":0,"width":1349,"height":49,"top":0,"right":1349,"bottom":49,"left":0},"a21ac2a7-1918-4c1c":{"x":184.5,"y":7,"width":980,"height":37,"top":7,"right":1164.5,"bottom":44,"left":184.5},"4c54f773-7842-4544":{"x":202.5,"y":7,"width":770,"height":36,"top":7,"right":972.5,"bottom":43,"left":202.5},"9aae9504-47b6-4996":{"x":202.5,"y":9,"width":770,"height":16,"top":9,"right":972.5,"bottom":25,"left":202.5},"336e59c3-4205-497d":{"x":337.84375,"y":9,"width":73.125,"height":16,"top":9,"right":410.96875,"bottom":25,"left":337.84375},"5b0c4eb9-6eac-4f79":{"x":202.5,"y":27,"width":770,"height":16,"top":27,"right":972.5,"bottom":43,"left":202.5},"b15efec4-3b79-44e0":{"x":202.5,"y":27,"width":110.375,"height":16,"top":27,"right":312.875,"bottom":43,"left":202.5},"3f8d6eb1-3e70-4318":{"x":312.875,"y":27,"width":121.71875,"height":16,"top":27,"right":434.59375,"bottom":43,"left":312.875},"569e4143-2331-4780":{"x":434.59375,"y":27,"width":87.703125,"height":16,"top":27,"right":522.296875,"bottom":43,"left":434.59375},"f5965b4b-bb2c-4985":{"x":522.296875,"y":27,"width":85.046875,"height":16,"top":27,"right":607.34375,"bottom":43,"left":522.296875},"a32afe1a-7bb7-49ad":{"x":607.34375,"y":27,"width":90.046875,"height":16,"top":27,"right":697.390625,"bottom":43,"left":607.34375},"b2230787-546c-4cbc":{"x":1004.5,"y":7,"width":160,"height":37,"top":7,"right":1164.5,"bottom":44,"left":1004.5},"fdb3c7ea-7b24-4765":{"x":1064.375,"y":7,"width":40.671875,"height":32,"top":7,"right":1105.046875,"bottom":39,"left":1064.375},"0d3f4edf-1192-42bc":{"x":1129.5,"y":10.5,"width":25,"height":25,"top":10.5,"right":1154.5,"bottom":35.5,"left":1129.5},"69a32c71-ab6e-4edf":{"x":184.5,"y":-1560,"width":755,"height":22926.0625,"top":-1560,"right":939.5,"bottom":21366.0625,"left":184.5},"5c4dff66-8d0a-4789":{"x":184.5,"y":90,"width":160,"height":303,"top":90,"right":344.5,"bottom":393,"left":184.5},"41338f8a-5e66-453b":{"x":184.5,"y":90,"width":160,"height":227,"top":90,"right":344.5,"bottom":317,"left":184.5},"82478a33-dcc1-4f37":{"x":184.5,"y":90,"width":160,"height":22,"top":90,"right":344.5,"bottom":112,"left":184.5},"4e590d0c-851b-4c56":{"x":184.5,"y":90,"width":160,"height":22,"top":90,"right":344.5,"bottom":112,"left":184.5},"3d1b2f39-2b7f-4177":{"x":184.5,"y":117,"width":160,"height":22,"top":117,"right":344.5,"bottom":139,"left":184.5},"015989ba-af8b-4bba":{"x":184.5,"y":117,"width":160,"height":22,"top":117,"right":344.5,"bottom":139,"left":184.5},"efc5963f-28db-4fe4":{"x":184.5,"y":144,"width":160,"height":22,"top":144,"right":344.5,"bottom":166,"left":184.5},"3dd6a9e5-3eb3-46f8":{"x":184.5,"y":144,"width":160,"height":22,"top":144,"right":344.5,"bottom":166,"left":184.5},"ebd74492-3c84-47e7":{"x":184.5,"y":171,"width":160,"height":22,"top":171,"right":344.5,"bottom":193,"left":184.5},"602f45c7-5357-428a":{"x":184.5,"y":171,"width":160,"height":22,"top":171,"right":344.5,"bottom":193,"left":184.5},"0d62d6cf-d266-4202":{"x":184.5,"y":198,"width":160,"height":22,"top":198,"right":344.5,"bottom":220,"left":184.5},"ac963eb7-35e8-43df":{"x":184.5,"y":198,"width":160,"height":22,"top":198,"right":344.5,"bottom":220,"left":184.5},"4a469739-eea0-4fe1":{"x":184.5,"y":225,"width":160,"height":22,"top":225,"right":344.5,"bottom":247,"left":184.5},"601ac214-42fe-4b95":{"x":184.5,"y":225,"width":160,"height":22,"top":225,"right":344.5,"bottom":247,"left":184.5},"a4f7fb0d-d171-4250":{"x":184.5,"y":252,"width":160,"height":22,"top":252,"right":344.5,"bottom":274,"left":184.5},"48703dba-4277-4a1b":{"x":184.5,"y":252,"width":160,"height":22,"top":252,"right":344.5,"bottom":274,"left":184.5},"003b0875-a0b5-4b54":{"x":184.5,"y":279,"width":160,"height":22,"top":279,"right":344.5,"bottom":301,"left":184.5},"c2a58ec1-0c62-4113":{"x":184.5,"y":279,"width":160,"height":22,"top":279,"right":344.5,"bottom":301,"left":184.5},"fe4c94da-b563-442c":{"x":184.5,"y":327,"width":160,"height":56,"top":327,"right":344.5,"bottom":383,"left":184.5},"07bd64dd-34b3-4a6a":{"x":184.5,"y":327,"width":160,"height":18,"top":327,"right":344.5,"bottom":345,"left":184.5},"4e8defa1-8aa4-49f9":{"x":184.5,"y":326,"width":119.109375,"height":19,"top":326,"right":303.609375,"bottom":345,"left":184.5},"49a6598b-7bde-4a8c":{"x":184.5,"y":350,"width":160,"height":18,"top":350,"right":344.5,"bottom":368,"left":184.5},"891d2691-244e-4489":{"x":184.5,"y":349,"width":53.359375,"height":19,"top":349,"right":237.859375,"bottom":368,"left":184.5},"0362bccf-31c6-4615":{"x":389.5,"y":-1461,"width":550,"height":22827.0625,"top":-1461,"right":939.5,"bottom":21366.0625,"left":389.5},"f6f92839-1626-4122":{"x":389.5,"y":-1461,"width":550,"height":22809.0625,"top":-1461,"right":939.5,"bottom":21348.0625,"left":389.5},"e1d7b5b0-2314-4d81":{"x":389.5,"y":-310,"width":550,"height":864,"top":-310,"right":939.5,"bottom":554,"left":389.5},"7b79cdc4-5d4f-41a9":{"x":389.5,"y":-40,"width":550,"height":342,"top":-40,"right":939.5,"bottom":302,"left":389.5},"0fb00623-f936-4237":{"x":507.3125,"y":-3,"width":62.15625,"height":15,"top":-3,"right":569.46875,"bottom":12,"left":507.3125},"98f719d8-7b89-4676":{"x":851.21875,"y":51,"width":7.234375,"height":15,"top":51,"right":858.453125,"bottom":66,"left":851.21875},"d30bec3a-a0eb-4dbf":{"x":446.578125,"y":123,"width":7.234375,"height":15,"top":123,"right":453.8125,"bottom":138,"left":446.578125},"92841bbe-f799-4c16":{"x":552.84375,"y":141,"width":62.15625,"height":15,"top":141,"right":615,"bottom":156,"left":552.84375},"622ea77c-8726-40d2":{"x":389.5,"y":320,"width":550,"height":234,"top":320,"right":939.5,"bottom":554,"left":389.5},"9750ad3d-1c58-43e4":{"x":732.015625,"y":357,"width":62.15625,"height":15,"top":357,"right":794.171875,"bottom":372,"left":732.015625},"c269df1d-02d5-45da":{"x":617.84375,"y":411,"width":24.578125,"height":15,"top":411,"right":642.421875,"bottom":426,"left":617.84375},"5e758d5a-3cd9-4e51":{"x":502.96875,"y":429,"width":62.15625,"height":15,"top":429,"right":565.125,"bottom":444,"left":502.96875},"3b2c11fc-8683-4295":{"x":690.140625,"y":429,"width":20.25,"height":15,"top":429,"right":710.390625,"bottom":444,"left":690.140625},"661e75b4-80c5-4e34":{"x":718.34375,"y":429,"width":7.234375,"height":15,"top":429,"right":725.578125,"bottom":444,"left":718.34375},"2060275d-adea-49e1":{"x":754.5,"y":429,"width":7.234375,"height":15,"top":429,"right":761.734375,"bottom":444,"left":754.5},"76aa6c46-dcc2-472e":{"x":812.328125,"y":429,"width":27.46875,"height":15,"top":429,"right":839.796875,"bottom":444,"left":812.328125},"1d897e54-abc2-4efb":{"x":687.75,"y":447,"width":22.40625,"height":15,"top":447,"right":710.15625,"bottom":462,"left":687.75},"48690885-0ee8-42f3":{"x":389.5,"y":572,"width":550,"height":7106.0625,"top":572,"right":939.5,"bottom":7678.0625,"left":389.5},"9db59c35-a4cc-43b0":{"x":389.5,"y":572,"width":550,"height":18,"top":572,"right":939.5,"bottom":590,"left":389.5},"ab905ca6-ffb4-43cb":{"x":389.5,"y":608,"width":550,"height":1354.8125,"top":608,"right":939.5,"bottom":1962.8125,"left":389.5},"a59a7d7f-71a5-49c2":{"x":389.5,"y":608,"width":550,"height":18,"top":608,"right":939.5,"bottom":626,"left":389.5},"5630cea9-fb0f-434e":{"x":389.5,"y":644,"width":550,"height":306,"top":644,"right":939.5,"bottom":950,"left":389.5},"d63ea319-2cf6-4927":{"x":984.5,"y":68,"width":160,"height":600,"top":68,"right":1144.5,"bottom":668,"left":984.5},"d357f65e-44fc-4d72":{"x":984.5,"y":68,"width":160,"height":600,"top":68,"right":1144.5,"bottom":668,"left":984.5},"2711b6ff-45ea-4d43":{"x":984.5,"y":68,"width":160,"height":600,"top":68,"right":1144.5,"bottom":668,"left":984.5}}