{"8d99a905-8c9c-4bc0":{"x":184.5,"y":-1344,"width":980,"height":23151.0625,"top":-1344,"right":1164.5,"bottom":21807.0625,"left":184.5},"a9f7ecb9-85bb-4a1d":{"x":184.5,"y":-1344,"width":980,"height":23151.0625,"top":-1344,"right":1164.5,"bottom":21807.0625,"left":184.5},"ec7d22d0-0901-48d9":{"x":0,"y":0,"width":1349,"height":49,"top":0,"right":1349,"bottom":49,"left":0},"a21ac2a7-1918-4c1c":{"x":184.5,"y":7,"width":980,"height":37,"top":7,"right":1164.5,"bottom":44,"left":184.5},"4c54f773-7842-4544":{"x":202.5,"y":7,"width":770,"height":36,"top":7,"right":972.5,"bottom":43,"left":202.5},"9aae9504-47b6-4996":{"x":202.5,"y":9,"width":770,"height":16,"top":9,"right":972.5,"bottom":25,"left":202.5},"336e59c3-4205-497d":{"x":337.84375,"y":9,"width":73.125,"height":16,"top":9,"right":410.96875,"bottom":25,"left":337.84375},"5b0c4eb9-6eac-4f79":{"x":202.5,"y":27,"width":770,"height":16,"top":27,"right":972.5,"bottom":43,"left":202.5},"b15efec4-3b79-44e0":{"x":202.5,"y":27,"width":110.375,"height":16,"top":27,"right":312.875,"bottom":43,"left":202.5},"3f8d6eb1-3e70-4318":{"x":312.875,"y":27,"width":121.71875,"height":16,"top":27,"right":434.59375,"bottom":43,"left":312.875},"569e4143-2331-4780":{"x":434.59375,"y":27,"width":87.703125,"height":16,"top":27,"right":522.296875,"bottom":43,"left":434.59375},"f5965b4b-bb2c-4985":{"x":522.296875,"y":27,"width":85.046875,"height":16,"top":27,"right":607.34375,"bottom":43,"left":522.296875},"a32afe1a-7bb7-49ad":{"x":607.34375,"y":27,"width":90.046875,"height":16,"top":27,"right":697.390625,"bottom":43,"left":607.34375},"b2230787-546c-4cbc":{"x":1004.5,"y":7,"width":160,"height":37,"top":7,"right":1164.5,"bottom":44,"left":1004.5},"fdb3c7ea-7b24-4765":{"x":1064.375,"y":7,"width":40.671875,"height":32,"top":7,"right":1105.046875,"bottom":39,"left":1064.375},"0d3f4edf-1192-42bc":{"x":1129.5,"y":10.5,"width":25,"height":25,"top":10.5,"right":1154.5,"bottom":35.5,"left":1129.5},"69a32c71-ab6e-4edf":{"x":184.5,"y":-1119,"width":755,"height":22926.0625,"top":-1119,"right":939.5,"bottom":21807.0625,"left":184.5},"5c4dff66-8d0a-4789":{"x":184.5,"y":90,"width":160,"height":303,"top":90,"right":344.5,"bottom":393,"left":184.5},"41338f8a-5e66-453b":{"x":184.5,"y":90,"width":160,"height":227,"top":90,"right":344.5,"bottom":317,"left":184.5},"82478a33-dcc1-4f37":{"x":184.5,"y":90,"width":160,"height":22,"top":90,"right":344.5,"bottom":112,"left":184.5},"4e590d0c-851b-4c56":{"x":184.5,"y":90,"width":160,"height":22,"top":90,"right":344.5,"bottom":112,"left":184.5},"3d1b2f39-2b7f-4177":{"x":184.5,"y":117,"width":160,"height":22,"top":117,"right":344.5,"bottom":139,"left":184.5},"015989ba-af8b-4bba":{"x":184.5,"y":117,"width":160,"height":22,"top":117,"right":344.5,"bottom":139,"left":184.5},"efc5963f-28db-4fe4":{"x":184.5,"y":144,"width":160,"height":22,"top":144,"right":344.5,"bottom":166,"left":184.5},"3dd6a9e5-3eb3-46f8":{"x":184.5,"y":144,"width":160,"height":22,"top":144,"right":344.5,"bottom":166,"left":184.5},"ebd74492-3c84-47e7":{"x":184.5,"y":171,"width":160,"height":22,"top":171,"right":344.5,"bottom":193,"left":184.5},"602f45c7-5357-428a":{"x":184.5,"y":171,"width":160,"height":22,"top":171,"right":344.5,"bottom":193,"left":184.5},"0d62d6cf-d266-4202":{"x":184.5,"y":198,"width":160,"height":22,"top":198,"right":344.5,"bottom":220,"left":184.5},"ac963eb7-35e8-43df":{"x":184.5,"y":198,"width":160,"height":22,"top":198,"right":344.5,"bottom":220,"left":184.5},"4a469739-eea0-4fe1":{"x":184.5,"y":225,"width":160,"height":22,"top":225,"right":344.5,"bottom":247,"left":184.5},"601ac214-42fe-4b95":{"x":184.5,"y":225,"width":160,"height":22,"top":225,"right":344.5,"bottom":247,"left":184.5},"a4f7fb0d-d171-4250":{"x":184.5,"y":252,"width":160,"height":22,"top":252,"right":344.5,"bottom":274,"left":184.5},"48703dba-4277-4a1b":{"x":184.5,"y":252,"width":160,"height":22,"top":252,"right":344.5,"bottom":274,"left":184.5},"003b0875-a0b5-4b54":{"x":184.5,"y":279,"width":160,"height":22,"top":279,"right":344.5,"bottom":301,"left":184.5},"c2a58ec1-0c62-4113":{"x":184.5,"y":279,"width":160,"height":22,"top":279,"right":344.5,"bottom":301,"left":184.5},"fe4c94da-b563-442c":{"x":184.5,"y":327,"width":160,"height":56,"top":327,"right":344.5,"bottom":383,"left":184.5},"07bd64dd-34b3-4a6a":{"x":184.5,"y":327,"width":160,"height":18,"top":327,"right":344.5,"bottom":345,"left":184.5},"4e8defa1-8aa4-49f9":{"x":184.5,"y":326,"width":119.109375,"height":19,"top":326,"right":303.609375,"bottom":345,"left":184.5},"49a6598b-7bde-4a8c":{"x":184.5,"y":350,"width":160,"height":18,"top":350,"right":344.5,"bottom":368,"left":184.5},"891d2691-244e-4489":{"x":184.5,"y":349,"width":53.359375,"height":19,"top":349,"right":237.859375,"bottom":368,"left":184.5},"0362bccf-31c6-4615":{"x":389.5,"y":-1020,"width":550,"height":22827.0625,"top":-1020,"right":939.5,"bottom":21807.0625,"left":389.5},"f6f92839-1626-4122":{"x":389.5,"y":-1020,"width":550,"height":22809.0625,"top":-1020,"right":939.5,"bottom":21789.0625,"left":389.5},"c2f3cfd6-4c56-40b7":{"x":389.5,"y":-436,"width":550,"height":549,"top":-436,"right":939.5,"bottom":113,"left":389.5},"3d637d42-2d80-473b":{"x":390.5,"y":-125,"width":548,"height":127,"top":-125,"right":938.5,"bottom":2,"left":390.5},"b8dcc10e-37cb-464c":{"x":390.5,"y":2,"width":548,"height":37,"top":2,"right":938.5,"bottom":39,"left":390.5},"3f2534ce-ec0d-4bdc":{"x":410.5,"y":13,"width":133.625,"height":15,"top":13,"right":544.125,"bottom":28,"left":410.5},"2a0bf47f-1ad2-4518":{"x":390.5,"y":39,"width":548,"height":73,"top":39,"right":938.5,"bottom":112,"left":390.5},"5110601b-3e56-466f":{"x":410.5,"y":50,"width":94.625,"height":15,"top":50,"right":505.125,"bottom":65,"left":410.5},"e1d7b5b0-2314-4d81":{"x":389.5,"y":131,"width":550,"height":864,"top":131,"right":939.5,"bottom":995,"left":389.5},"b9dd94e4-530b-4921":{"x":389.5,"y":131,"width":550,"height":18,"top":131,"right":939.5,"bottom":149,"left":389.5},"6e20f5d9-8873-40f6":{"x":389.5,"y":167,"width":550,"height":216,"top":167,"right":939.5,"bottom":383,"left":389.5},"402d219e-97d0-4cc8":{"x":573.015625,"y":222,"width":144.53125,"height":15,"top":222,"right":717.546875,"bottom":237,"left":573.015625},"ffdf66fd-6727-4311":{"x":736.34375,"y":222,"width":136.609375,"height":15,"top":222,"right":872.953125,"bottom":237,"left":736.34375},"bae38697-8c59-477d":{"x":700.25,"y":258,"width":7.234375,"height":15,"top":258,"right":707.484375,"bottom":273,"left":700.25},"7b79cdc4-5d4f-41a9":{"x":389.5,"y":401,"width":550,"height":342,"top":401,"right":939.5,"bottom":743,"left":389.5},"0fb00623-f936-4237":{"x":507.3125,"y":438,"width":62.15625,"height":15,"top":438,"right":569.46875,"bottom":453,"left":507.3125},"98f719d8-7b89-4676":{"x":851.21875,"y":492,"width":7.234375,"height":15,"top":492,"right":858.453125,"bottom":507,"left":851.21875},"d30bec3a-a0eb-4dbf":{"x":446.578125,"y":564,"width":7.234375,"height":15,"top":564,"right":453.8125,"bottom":579,"left":446.578125},"92841bbe-f799-4c16":{"x":552.84375,"y":582,"width":62.15625,"height":15,"top":582,"right":615,"bottom":597,"left":552.84375},"1d2c45e4-7d88-4c24":{"x":984.5,"y":-1119,"width":160,"height":1148.796875,"top":-1119,"right":1144.5,"bottom":29.796875,"left":984.5},"f6a0a37a-da8e-4cb4":{"x":984.5,"y":-306.203125,"width":160,"height":316,"top":-306.203125,"right":1144.5,"bottom":9.796875,"left":984.5},"16e1cad1-b321-4523":{"x":984.5,"y":-127.203125,"width":160,"height":130,"top":-127.203125,"right":1144.5,"bottom":2.796875,"left":984.5},"0824528e-fe73-4079":{"x":984.5,"y":-96.203125,"width":160,"height":130,"top":-96.203125,"right":1144.5,"bottom":33.796875,"left":984.5},"2414dd20-9450-4af3":{"x":994.5,"y":-86.203125,"width":130,"height":92,"top":-86.203125,"right":1124.5,"bottom":5.796875,"left":994.5},"aafd7ed7-24e7-47a7":{"x":994.5,"y":-16.203125,"width":30.96875,"height":22,"top":-16.203125,"right":1025.46875,"bottom":5.796875,"left":994.5},"9861e228-5375-4fcb":{"x":1033.53125,"y":-16.203125,"width":26.671875,"height":22,