{"6f214205-5cd9-4482":{"x":0,"y":0,"width":1349,"height":657,"top":0,"right":1349,"bottom":657,"left":0},"87cd8828-215d-47fb":{"x":0,"y":0,"width":1349,"height":657,"top":0,"right":1349,"bottom":657,"left":0},"3b6c304b-5c93-4df9":{"x":0,"y":0,"width":1349,"height":277,"top":0,"right":1349,"bottom":277,"left":0},"845e1dd2-8100-4a64":{"x":0,"y":0,"width":1349,"height":106,"top":0,"right":1349,"bottom":106,"left":0},"3330ec50-3134-4994":{"x":300.5,"y":5,"width":748,"height":90,"top":5,"right":1048.5,"bottom":95,"left":300.5},"f49e9cdf-31b0-4699":{"x":300.5,"y":5,"width":18,"height":88,"top":5,"right":318.5,"bottom":93,"left":300.5},"03b2facf-06ed-4626":{"x":318.5,"y":5,"width":728,"height":90,"top":5,"right":1046.5,"bottom":95,"left":318.5},"614f5336-e0b7-4f99":{"x":318.5,"y":5,"width":728,"height":90,"top":5,"right":1046.5,"bottom":95,"left":318.5},"f371d5a8-711b-40ed":{"x":318.5,"y":5,"width":728,"height":90,"top":5,"right":1046.5,"bottom":95,"left":318.5},"cc32daab-f9d9-4718":{"x":184.5,"y":106,"width":980,"height":52,"top":106,"right":1164.5,"bottom":158,"left":184.5},"5a62e923-e67f-4c52":{"x":887.390625,"y":106,"width":277.109375,"height":35,"top":106,"right":1164.5,"bottom":141,"left":887.390625},"f51ee134-cd81-4c05":{"x":891.390625,"y":101,"width":78.25,"height":40,"top":101,"right":969.640625,"bottom":141,"left":891.390625},"b336f280-4ba2-41ed":{"x":891.390625,"y":101,"width":78.25,"height":40,"top":101,"right":969.640625,"bottom":141,"left":891.390625},"37bc265d-0f73-4852":{"x":973.640625,"y":101,"width":117.28125,"height":40,"top":101,"right":1090.921875,"bottom":141,"left":973.640625},"9169924e-8ba1-4226":{"x":973.640625,"y":101,"width":117.28125,"height":40,"top":101,"right":1090.921875,"bottom":141,"left":973.640625},"42ed84d4-c245-4fc1":{"x":1094.921875,"y":101,"width":69.578125,"height":40,"top":101,"right":1164.5,"bottom":141,"left":1094.921875},"b735b31b-e713-4859":{"x":1094.921875,"y":101,"width":69.578125,"height":40,"top":101,"right":1164.5,"bottom":141,"left":1094.921875},"739ccde0-71fd-4f94":{"x":184.5,"y":158,"width":980,"height":119,"top":158,"right":1164.5,"bottom":277,"left":184.5},"3d54df32-d896-4b70":{"x":184.5,"y":178,"width":980,"height":79,"top":178,"right":1164.5,"bottom":257,"left":184.5},"7db5998b-08b1-4bba":{"x":184.5,"y":178,"width":980,"height":79,"top":178,"right":1164.5,"bottom":257,"left":184.5},"b95a49de-e305-472f":{"x":626.828125,"y":178,"width":334.09375,"height":39,"top":178,"right":960.921875,"bottom":217,"left":626.828125},"b287a6ae-e419-4318":{"x":646.828125,"y":178,"width":314.09375,"height":39,"top":178,"right":960.921875,"bottom":217,"left":646.828125},"cdcb0e9e-5d89-4db8":{"x":646.828125,"y":178,"width":107.9375,"height":39,"top":178,"right":754.765625,"bottom":217,"left":646.828125},"b8b10b5b-a12b-4c60":{"x":646.828125,"y":178,"width":97.9375,"height":39,"top":178,"right":744.765625,"bottom":217,"left":646.828125},"83a9f08a-6a6b-4fc8":{"x":666.828125,"y":188,"width":57.9375,"height":19,"top":188,"right":724.765625,"bottom":207,"left":666.828125},"c081044b-9437-413b":{"x":754.765625,"y":178,"width":108.34375,"height":39,"top":178,"right":863.109375,"bottom":217,"left":754.765625},"5994dcb4-dceb-434e":{"x":754.765625,"y":178,"width":98.34375,"height":39,"top":178,"right":853.109375,"bottom":217,"left":754.765625},"5e1fb6de-eb06-4664":{"x":774.765625,"y":188,"width":58.34375,"height":19,"top":188,"right":833.109375,"bottom":207,"left":774.765625},"39ade49a-2276-4f90":{"x":863.109375,"y":178,"width":97.8125,"height":39,"top":178,"right":960.921875,"bottom":217,"left":863.109375},"e6b40eff-4ef0-4168":{"x":863.109375,"y":178,"width":87.8125,"height":39,"top":178,"right":950.921875,"bottom":217,"left":863.109375},"745bbdb3-b00c-4996":{"x":883.109375,"y":188,"width":47.8125,"height":19,"top":188,"right":930.921875,"bottom":207,"left":883.109375},"56243a40-88fb-4ca3":{"x":184.5,"y":217,"width":776.421875,"height":40,"top":217,"right":960.921875,"bottom":257,"left":184.5},"df6e6a4b-857b-4748":{"x":184.5,"y":217,"width":746.421875,"height":40,"top":217,"right":930.921875,"bottom":257,"left":184.5},"8bad99ec-24dd-478b":{"x":960.921875,"y":178,"width":203.578125,"height":79,"top":178,"right":1164.5,"bottom":257,"left":960.921875},"4753bbef-896f-48fa":{"x":960.921875,"y":178,"width":203.578125,"height":63,"top":178,"right":1164.5,"bottom":241,"left":960.921875},"35e48238-8a6a-4119":{"x":970.921875,"y":178,"width":193.578125,"height":63,"top":178,"right":1164.5,"bottom":241,"left":970.921875},"bfc18cf8-55b6-4a3d":{"x":970.921875,"y":178,"width":193.578125,"height":40,"top":178,"right":1164.5,"bottom":218,"left":970.921875},"54c8bb70-9bce-45fa":{"x":980.921875,"y":188,"width":135,"height":20,"top":188,"right":1115.921875,"bottom":208,"left":980.921875},"c855427a-3ad4-40d8":{"x":1135.921875,"y":178,"width":18.578125,"height":40,"top":178,"right":1154.5,"bottom":218,"left":1135.921875},"db370654-d61e-4a61":{"x":1065.484375,"y":218,"width":99.015625,"height":23,"top":218,"right":1164.5,"bottom":241,"left":1065.484375},"8d99a905-8c9c-4bc0":{"x":184.5,"y":277,"width":980,"height":23151.0625,"top":277,"right":1164.5,"bottom":23428.0625,"left":184.5},"a9f7ecb9-85bb-4a1d":{"x":184.5,"y":277,"width":980,"height":23151.0625,"top":277,"right":1164.5,"bottom":23428.0625,"left":184.5},"2524e1ee-2d61-4c83":{"x":184.5,"y":277,"width":980,"height":225,"top":277,"right":1164.5,"bottom":502,"left":184.5},"8419351c-92ea-4520":{"x":984.5,"y":297,"width":160,"height":159,"top":297,"right":1144.5,"bottom":456,"left":984.5},"2dc5ea60-6e02-4777":{"x":984.5,"y":297,"width":80,"height":80,"top":297,"right":1064.5,"bottom":377,"left":984.5},"8f59deda-dd6c-43f5":{"x":989.5,"y":335,"width":69,"height":19,"top":335,"right":1058.5,"bottom":354,"left":989.5},"8382d0ff-9323-41f1":{"x":1004.984375,"y":333,"width":38.03125,"height":24,"top":333,"right":1043.015625,"bottom":357,"left":1004.984375},"80a672e2-959d-4458":{"x":817.71875,"y":370,"width":228.78125,"height":28,"top":370,"right":1046.5,"bottom":398,"left":817.71875},"6f9edad3-423b-455a":{"x":822.71875,"y":377,"width":218.78125,"height":14,"top":377,"right":1041.5,"bottom":391,"left":822.71875},"4f42332f-460c-4896":{"x":1064.5,"y":297,"width":80,"height":80,"top":297,"right":1144.5,"bottom":377,"left":1064.5},"d968e4f2-2a27-4057":{"x":1069.5,"y":335,"width":69,"height":19,"top":335,"right":1138.5,"bottom":354,"left":1069.5},"1e8d909f-57c1-4c86":{"x":1076.65625,"y":333,"width":54.671875,"height":24,"top":333,"right":1131.328125,"bottom":357,"left":1076.65625},"4b4cfbdb-300d-4c27":{"x":868.734375,"y":370,"width":265.765625,"height":28,"top":370,"right":1134.5,"bottom":398,"left":868.734375},"bd3a95b7-d528-4c2d":{"x":873.734375,"y":377,"width":255.765625,"height":14,"top":377,"right":1129.5,"bottom":391,"left":873.734375},"95eabbe7-d5a0-4848":{"x":984.5,"y":377,"width":80,"height":80,"top":377,"right":1064.5,"bottom":457,"left":984.5},"125ccdc9-cd62-487d":{"x":989.5,"y":415,"width":69,"height":19,"top":415,"right":1058.5,"bottom":434,"left":989.5},"41d03f28-5520-492c":{"x":1005.421875,"y":413,"width":37.140625,"height":24,"top":413,"right":1042.5625,"bottom":437,"left":1005.421875},"5cd880b9-3442-47f6":{"x":883.734375,"y":451,"width":162.765625,"height":28,"top":451,"right":1046.5,"bottom":479,"left":883.734375},"40f12606-0c4f-4de4":{"x":888.734375,"y":458,"width":152.765625,"height":14,"top":458,"right":1041.5,"bottom":472,"left":888.734375},"0881d269-5396-4920":{"x":1064.5,"y":377,"width":80,"height":80,"top":377,"right":1144.5,"bottom":457,"left":1064.5},"b1518e2b-884e-4794":{"x":1069.5,"y":415,"width":69,"height":19,"top":415,"right":1138.5,"bottom":434,"left":1069.5},"aaa360b6-e952-4cfc":{"x":1082.3125,"y":413,"width":43.359375,"height":24,"top":413,"right":1125.671875,"bottom":437,"left":1082.3125},"e12a1448-88b5-446c":{"x":848.5,"y":451,"width":280,"height":46,"top":451,"right":1128.5,"bottom":497,"left":848.5},"f3982c0c-3aeb-476d":{"x":853.5,"y":458,"width":255.25,"height":32,"top":458,