{"04f316f5-6d18-40cd":{"x":0,"y":-535,"width":1349,"height":657,"top":-535,"right":1349,"bottom":122,"left":0},"3488e009-08f1-486e":{"x":0,"y":-535,"width":1349,"height":657,"top":-535,"right":1349,"bottom":122,"left":0},"9957dd57-fcea-4ac7":{"x":0,"y":-258,"width":1349,"height":2686.375,"top":-258,"right":1349,"bottom":2428.375,"left":0},"44bdc19e-e21e-430e":{"x":184.5,"y":15.375,"width":980,"height":2413,"top":15.375,"right":1164.5,"bottom":2428.375,"left":184.5},"ac97eef1-1722-4631":{"x":184.5,"y":15.375,"width":180,"height":1230.1875,"top":15.375,"right":364.5,"bottom":1245.5625,"left":184.5},"4c3ffd8a-05fc-4289":{"x":184.5,"y":15.375,"width":180,"height":272,"top":15.375,"right":364.5,"bottom":287.375,"left":184.5},"11656684-9593-4929":{"x":184.5,"y":15.375,"width":180,"height":18,"top":15.375,"right":364.5,"bottom":33.375,"left":184.5},"f71de60a-2bb2-48ad":{"x":184.5,"y":51.375,"width":180,"height":24,"top":51.375,"right":364.5,"bottom":75.375,"left":184.5},"b5c45b46-dd01-4ad7":{"x":184.5,"y":51.375,"width":180,"height":18,"top":51.375,"right":364.5,"bottom":69.375,"left":184.5},"cded0d8b-3231-4302":{"x":184.5,"y":50.375,"width":86.671875,"height":19,"top":50.375,"right":271.171875,"bottom":69.375,"left":184.5},"85ce7bb0-3fa1-4e80":{"x":168.5,"y":54.375,"width":13,"height":13,"top":54.375,"right":181.5,"bottom":67.375,"left":168.5},"e33b0b6f-76cd-4b3a":{"x":184.5,"y":52.375,"width":86.671875,"height":15,"top":52.375,"right":271.171875,"bottom":67.375,"left":184.5},"ab1b54c4-954e-4749":{"x":184.5,"y":85.375,"width":180,"height":202,"top":85.375,"right":364.5,"bottom":287.375,"left":184.5},"40d6e17f-3434-4fbd":{"x":184.5,"y":85.375,"width":180,"height":18,"top":85.375,"right":364.5,"bottom":103.375,"left":184.5},"17dbfd18-c91a-405e":{"x":184.5,"y":84.375,"width":111.28125,"height":19,"top":84.375,"right":295.78125,"bottom":103.375,"left":184.5},"dc7cf9f6-d20c-407b":{"x":168.5,"y":88.375,"width":13,"height":13,"top":88.375,"right":181.5,"bottom":101.375,"left":168.5},"6bb6db24-ff98-4eb8":{"x":184.5,"y":86.375,"width":111.28125,"height":15,"top":86.375,"right":295.78125,"bottom":101.375,"left":184.5},"dd866191-9f81-41c1":{"x":184.5,"y":108.375,"width":180,"height":36,"top":108.375,"right":364.5,"bottom":144.375,"left":184.5},"9dfd00b3-fb08-4cd9":{"x":184.5,"y":107.375,"width":156.09375,"height":37,"top":107.375,"right":340.59375,"bottom":144.375,"left":184.5},"0caedb3d-ff1b-429e":{"x":168.5,"y":111.375,"width":13,"height":13,"top":111.375,"right":181.5,"bottom":124.375,"left":168.5},"ca071b40-437f-45d2":{"x":184.5,"y":109.375,"width":156.09375,"height":33,"top":109.375,"right":340.59375,"bottom":142.375,"left":184.5},"b58fe067-8fa8-4b2e":{"x":184.5,"y":149.375,"width":180,"height":18,"top":149.375,"right":364.5,"bottom":167.375,"left":184.5},"065a55d1-1849-4930":{"x":184.5,"y":148.375,"width":127.203125,"height":19,"top":148.375,"right":311.703125,"bottom":167.375,"left":184.5},"0e55d8b1-b8bb-4516":{"x":168.5,"y":152.375,"width":13,"height":13,"top":152.375,"right":181.5,"bottom":165.375,"left":168.5},"77469d18-bbec-49b8":{"x":184.5,"y":150.375,"width":127.203125,"height":15,"top":150.375,"right":311.703125,"bottom":165.375,"left":184.5},"f6c78897-22f0-44f6":{"x":184.5,"y":172.375,"width":180,"height":36,"top":172.375,"right":364.5,"bottom":208.375,"left":184.5},"e8ea806d-e7b5-476c":{"x":184.5,"y":171.375,"width":145.96875,"height":37,"top":171.375,"right":330.46875,"bottom":208.375,"left":184.5},"ff23fd84-ee9a-479d":{"x":168.5,"y":175.375,"width":13,"height":13,"top":175.375,"right":181.5,"bottom":188.375,"left":168.5},"73f7757b-cfc1-4e94":{"x":184.5,"y":173.375,"width":145.96875,"height":33,"top":173.375,"right":330.46875,"bottom":206.375,"left":184.5},"0f367020-c2ba-45c0":{"x":184.5,"y":213.375,"width":180,"height":36,"top":213.375,"right":364.5,"bottom":249.375,"left":184.5},"16084e30-9d4f-4f61":{"x":184.5,"y":212.375,"width":168.375,"height":37,"top":212.375,"right":352.875,"bottom":249.375,"left":184.5},"d6dbe7d0-623c-4908":{"x":168.5,"y":216.375,"width":13,"height":13,"top":216.375,"right":181.5,"bottom":229.375,"left":168.5},"7f72313d-6acf-4295":{"x":184.5,"y":214.375,"width":168.375,"height":33,"top":214.375,"right":352.875,"bottom":247.375,"left":184.5},"e84af84d-82e6-46b1":{"x":194.5,"y":254.375,"width":170,"height":18,"top":254.375,"right":364.5,"bottom":272.375,"left":194.5},"04b52d5f-c6d2-4e94":{"x":194.5,"y":253.375,"width":63.578125,"height":19,"top":253.375,"right":258.078125,"bottom":272.375,"left":194.5},"404db81f-4ee1-4584":{"x":184.5,"y":297.375,"width":180,"height":220,"top":297.375,"right":364.5,"bottom":517.375,"left":184.5},"f0258a90-da36-448c":{"x":184.5,"y":297.375,"width":180,"height":18,"top":297.375,"right":364.5,"bottom":315.375,"left":184.5},"ac704dc5-af47-4271":{"x":184.5,"y":333.375,"width":180,"height":184,"top":333.375,"right":364.5,"bottom":517.375,"left":184.5},"f765a55b-7957-4341":{"x":184.5,"y":333.375,"width":180,"height":18,"top":333.375,"right":364.5,"bottom":351.375,"left":184.5},"6bc62a31-98e9-44d4":{"x":184.5,"y":332.375,"width":169.09375,"height":19,"top":332.375,"right":353.59375,"bottom":351.375,"left":184.5},"1aee2d8f-9e14-4ec1":{"x":168.5,"y":336.375,"width":13,"height":13,"top":336.375,"right":181.5,"bottom":349.375,"left":168.5},"860046c2-23bf-468f":{"x":184.5,"y":334.375,"width":169.09375,"height":15,"top":334.375,"right":353.59375,"bottom":349.375,"left":184.5},"147c03cb-d870-4c00":{"x":184.5,"y":356.375,"width":180,"height":36,"top":356.375,"right":364.5,"bottom":392.375,"left":184.5},"97eb3281-791c-4ecc":{"x":184.5,"y":355.375,"width":170.5625,"height":37,"top":355.375,"right":355.0625,"bottom":392.375,"left":184.5},"e682ad2c-d70a-4c7a":{"x":168.5,"y":359.375,"width":13,"height":13,"top":359.375,"right":181.5,"bottom":372.375,"left":168.5},"17d548ac-5726-4ab8":{"x":184.5,"y":357.375,"width":170.5625,"height":33,"top":357.375,"right":355.0625,"bottom":390.375,"left":184.5},"5349c8eb-71b5-47f0":{"x":184.5,"y":397.375,"width":180,"height":18,"top":397.375,"right":364.5,"bottom":415.375,"left":184.5},"fa40e206-bd85-48ce":{"x":184.5,"y":396.375,"width":89.578125,"height":19,"top":396.375,"right":274.078125,"bottom":415.375,"left":184.5},"5f923bd2-76c5-445e":{"x":168.5,"y":400.375,"width":13,"height":13,"top":400.375,"right":181.5,"bottom":413.375,"left":168.5},"834f1b98-520f-4fb0":{"x":184.5,"y":398.375,"width":89.578125,"height":15,"top":398.375,"right":274.078125,"bottom":413.375,"left":184.5},"d296cac8-2a9e-48e8":{"x":184.5,"y":420.375,"width":180,"height":36,"top":420.375,"right":364.5,"bottom":456.375,"left":184.5},"1c249b90-e780-4e94":{"x":184.5,"y":419.375,"width":131.53125,"height":37,"top":419.375,"right":316.03125,"bottom":456.375,"left":184.5},"7f836c2e-dd4e-4335":{"x":168.5,"y":423.375,"width":13,"height":13,"top":423.375,"right":181.5,"bottom":436.375,"left":168.5},"d21427f8-ab94-4787":{"x":184.5,"y":421.375,"width":131.53125,"height":33,"top":421.375,"right":316.03125,"bottom":454.375,"left":184.5},"70201cf9-a9b9-4d15":{"x":184.5,"y":461.375,"width":180,"height":18,"top":461.375,"right":364.5,"bottom":479.375,"left":184.5},"f005d61d-63fb-4e41":{"x":184.5,"y":460.375,"width":93.9375,"height":19,"top":460.375,"right":278.4375,"bottom":479.375,"left":184.5},"26eb09a3-f863-4b54":{"x":168.5,"y":464.375,"width":13,"height":13,"top":464.375,"right":181.5,"bottom":477.375,"left":168.5},"bc2fb770-f7d2-4b5f":{"x":184.5,"y":462.375,"width":93.9375,"height":15,"top":462.375,"right":278.4375,"bottom":477.375,"left":184.5},"f500e06f-952b-42a6":{"x":194.5,"y":484.375,"width":170,"height":18,"top":484.375,"right":364.5,"bottom":502.375,"left":194.5},"585f1868-1e1d-44d8":{"x":194.5,"y":483.375,"width":63.578125,"height":19,"top":483.375,"right":258.078125,"bottom":502.375,"left":194.5},"5226559f-db67-4aa9":{"x":184.5,"y":527.375,"width":180,"height":184,"top":527.375,"right":364.5,"bottom":711.375,"left":184.5},"6ea39e34-98ca-40f9":{"x":184.5,"y":527.375,"width":180,"height":18,"top":527.375,