{"04f316f5-6d18-40cd":{"x":0,"y":-420,"width":1349,"height":657,"top":-420,"right":1349,"bottom":237,"left":0},"3488e009-08f1-486e":{"x":0,"y":-420,"width":1349,"height":657,"top":-420,"right":1349,"bottom":237,"left":0},"9957dd57-fcea-4ac7":{"x":0,"y":-143,"width":1349,"height":2686.375,"top":-143,"right":1349,"bottom":2543.375,"left":0},"31925413-badb-4e15":{"x":0,"y":-17.8125,"width":1349,"height":121.1875,"top":-17.8125,"right":1349,"bottom":103.375,"left":0},"8871fde2-d859-49b0":{"x":184.5,"y":-17.8125,"width":980,"height":29,"top":-17.8125,"right":1164.5,"bottom":11.1875,"left":184.5},"60738d95-d8ed-4e4c":{"x":384.5,"y":-17.8125,"width":580,"height":29,"top":-17.8125,"right":964.5,"bottom":11.1875,"left":384.5},"2600ed98-8191-4876":{"x":384.5,"y":-12.90625,"width":46.25,"height":19.1875,"top":-12.90625,"right":430.75,"bottom":6.28125,"left":384.5},"ceb518ab-fa68-4c20":{"x":434.375,"y":-17.8125,"width":225,"height":29,"top":-17.8125,"right":659.375,"bottom":11.1875,"left":434.375},"ef30a196-0d6a-4d49":{"x":434.375,"y":-17.8125,"width":225,"height":29,"top":-17.8125,"right":659.375,"bottom":11.1875,"left":434.375},"83e10a49-f2fd-4757":{"x":434.375,"y":-17.8125,"width":225,"height":29,"top":-17.8125,"right":659.375,"bottom":11.1875,"left":434.375},"f5a97b42-1f15-4f93":{"x":964.5,"y":-17.8125,"width":200,"height":28,"top":-17.8125,"right":1164.5,"bottom":10.1875,"left":964.5},"c5d7ca29-8edb-431a":{"x":995.265625,"y":-17.8125,"width":137.609375,"height":28,"top":-17.8125,"right":1132.875,"bottom":10.1875,"left":995.265625},"a56ee724-cba0-43b7":{"x":857.65625,"y":22.1875,"width":350,"height":10,"top":22.1875,"right":1207.65625,"bottom":32.1875,"left":857.65625},"0953a3f0-05c3-4e06":{"x":1136.5,"y":-17.8125,"width":28,"height":28,"top":-17.8125,"right":1164.5,"bottom":10.1875,"left":1136.5},"3a3b57a9-5ece-4590":{"x":0,"y":38.1875,"width":1349,"height":65.1875,"top":38.1875,"right":1349,"bottom":103.375,"left":0},"4797afd4-e587-41c5":{"x":0,"y":38.1875,"width":1349,"height":65.1875,"top":38.1875,"right":1349,"bottom":103.375,"left":0},"49b09551-7b1b-4500":{"x":184.5,"y":38.1875,"width":980,"height":65.1875,"top":38.1875,"right":1164.5,"bottom":103.375,"left":184.5},"4a6ed676-c2ab-45fc":{"x":184.5,"y":61.78125,"width":83.34375,"height":18,"top":61.78125,"right":267.84375,"bottom":79.78125,"left":184.5},"18e770a4-9e13-47f0":{"x":267.84375,"y":56.1875,"width":361.828125,"height":29.1875,"top":56.1875,"right":629.671875,"bottom":85.375,"left":267.84375},"6e7421cd-cf6d-4aaf":{"x":267.84375,"y":56.1875,"width":229.828125,"height":29.1875,"top":56.1875,"right":497.671875,"bottom":85.375,"left":267.84375},"681dc6be-457c-4b21":{"x":480.21875,"y":63.1875,"width":17.453125,"height":15,"top":63.1875,"right":497.671875,"bottom":78.1875,"left":480.21875},"a528452e-3adc-44c0":{"x":497.671875,"y":56.1875,"width":132,"height":29.1875,"top":56.1875,"right":629.671875,"bottom":85.375,"left":497.671875},"f8975b51-b952-4009":{"x":612.21875,"y":63.1875,"width":17.453125,"height":15,"top":63.1875,"right":629.671875,"bottom":78.1875,"left":612.21875},"06bf6a28-d12b-48da":{"x":629.671875,"y":61.1875,"width":200,"height":19.1875,"top":61.1875,"right":829.671875,"bottom":80.375,"left":629.671875},"dfd24fca-0070-48d5":{"x":747.3125,"y":63.1875,"width":82.359375,"height":15,"top":63.1875,"right":829.671875,"bottom":78.1875,"left":747.3125},"44bdc19e-e21e-430e":{"x":184.5,"y":130.375,"width":980,"height":2413,"top":130.375,"right":1164.5,"bottom":2543.375,"left":184.5},"ac97eef1-1722-4631":{"x":184.5,"y":130.375,"width":180,"height":1230.1875,"top":130.375,"right":364.5,"bottom":1360.5625,"left":184.5},"4c3ffd8a-05fc-4289":{"x":184.5,"y":130.375,"width":180,"height":272,"top":130.375,"right":364.5,"bottom":402.375,"left":184.5},"11656684-9593-4929":{"x":184.5,"y":130.375,"width":180,"height":18,"top":130.375,"right":364.5,"bottom":148.375,"left":184.5},"f71de60a-2bb2-48ad":{"x":184.5,"y":166.375,"width":180,"height":24,"top":166.375,"right":364.5,"bottom":190.375,"left":184.5},"b5c45b46-dd01-4ad7":{"x":184.5,"y":166.375,"width":180,"height":18,"top":166.375,"right":364.5,"bottom":184.375,"left":184.5},"cded0d8b-3231-4302":{"x":184.5,"y":165.375,"width":86.671875,"height":19,"top":165.375,"right":271.171875,"bottom":184.375,"left":184.5},"85ce7bb0-3fa1-4e80":{"x":168.5,"y":169.375,"width":13,"height":13,"top":169.375,"right":181.5,"bottom":182.375,"left":168.5},"e33b0b6f-76cd-4b3a":{"x":184.5,"y":167.375,"width":86.671875,"height":15,"top":167.375,"right":271.171875,"bottom":182.375,"left":184.5},"ab1b54c4-954e-4749":{"x":184.5,"y":200.375,"width":180,"height":202,"top":200.375,"right":364.5,"bottom":402.375,"left":184.5},"40d6e17f-3434-4fbd":{"x":184.5,"y":200.375,"width":180,"height":18,"top":200.375,"right":364.5,"bottom":218.375,"left":184.5},"17dbfd18-c91a-405e":{"x":184.5,"y":199.375,"width":111.28125,"height":19,"top":199.375,"right":295.78125,"bottom":218.375,"left":184.5},"dc7cf9f6-d20c-407b":{"x":168.5,"y":203.375,"width":13,"height":13,"top":203.375,"right":181.5,"bottom":216.375,"left":168.5},"6bb6db24-ff98-4eb8":{"x":184.5,"y":201.375,"width":111.28125,"height":15,"top":201.375,"right":295.78125,"bottom":216.375,"left":184.5},"dd866191-9f81-41c1":{"x":184.5,"y":223.375,"width":180,"height":36,"top":223.375,"right":364.5,"bottom":259.375,"left":184.5},"9dfd00b3-fb08-4cd9":{"x":184.5,"y":222.375,"width":156.09375,"height":37,"top":222.375,"right":340.59375,"bottom":259.375,"left":184.5},"0caedb3d-ff1b-429e":{"x":168.5,"y":226.375,"width":13,"height":13,"top":226.375,"right":181.5,"bottom":239.375,"left":168.5},"ca071b40-437f-45d2":{"x":184.5,"y":224.375,"width":156.09375,"height":33,"top":224.375,"right":340.59375,"bottom":257.375,"left":184.5},"b58fe067-8fa8-4b2e":{"x":184.5,"y":264.375,"width":180,"height":18,"top":264.375,"right":364.5,"bottom":282.375,"left":184.5},"065a55d1-1849-4930":{"x":184.5,"y":263.375,"width":127.203125,"height":19,"top":263.375,"right":311.703125,"bottom":282.375,"left":184.5},"0e55d8b1-b8bb-4516":{"x":168.5,"y":267.375,"width":13,"height":13,"top":267.375,"right":181.5,"bottom":280.375,"left":168.5},"77469d18-bbec-49b8":{"x":184.5,"y":265.375,"width":127.203125,"height":15,"top":265.375,"right":311.703125,"bottom":280.375,"left":184.5},"f6c78897-22f0-44f6":{"x":184.5,"y":287.375,"width":180,"height":36,"top":287.375,"right":364.5,"bottom":323.375,"left":184.5},"e8ea806d-e7b5-476c":{"x":184.5,"y":286.375,"width":145.96875,"height":37,"top":286.375,"right":330.46875,"bottom":323.375,"left":184.5},"ff23fd84-ee9a-479d":{"x":168.5,"y":290.375,"width":13,"height":13,"top":290.375,"right":181.5,"bottom":303.375,"left":168.5},"73f7757b-cfc1-4e94":{"x":184.5,"y":288.375,"width":145.96875,"height":33,"top":288.375,"right":330.46875,"bottom":321.375,"left":184.5},"0f367020-c2ba-45c0":{"x":184.5,"y":328.375,"width":180,"height":36,"top":328.375,"right":364.5,"bottom":364.375,"left":184.5},"16084e30-9d4f-4f61":{"x":184.5,"y":327.375,"width":168.375,"height":37,"top":327.375,"right":352.875,"bottom":364.375,"left":184.5},"d6dbe7d0-623c-4908":{"x":168.5,"y":331.375,"width":13,"height":13,"top":331.375,"right":181.5,"bottom":344.375,"left":168.5},"7f72313d-6acf-4295":{"x":184.5,"y":329.375,"width":168.375,"height":33,"top":329.375,"right":352.875,"bottom":362.375,"left":184.5},"e84af84d-82e6-46b1":{"x":194.5,"y":369.375,"width":170,"height":18,"top":369.375,"right":364.5,"bottom":387.375,"left":194.5},"04b52d5f-c6d2-4e94":{"x":194.5,"y":368.375,"width":63.578125,"height":19,"top":368.375,"right":258.078125,"bottom":387.375,"left":194.5},"404db81f-4ee1-4584":{"x":184.5,"y":412.375,"width":180,"height":220,"top":412.375,"right":364.5,"bottom":632.375,"left":184.5},"f0258a90-da36-448c":{"x":184.5,"y":412.375,"width":180,"height":18,"top":412.375,"right":364.5,"bottom":430.375,"left":184.5},"ac704dc5-af47-4271":{"x":184.5,"y":448.375,"width":180,"height":184,"top":448.375,"right":364.5,"bottom":632.375,"left":184.5},"f765a55b-7957-4341":{"x":184.5,"y":448.375,