{"b32fa228-0b33-49f1":{"x":0,"y":-603,"width":1349,"height":657,"top":-603,"right":1349,"bottom":54,"left":0},"74d17ded-f53a-4d72":{"x":0,"y":-603,"width":1349,"height":657,"top":-603,"right":1349,"bottom":54,"left":0},"27aeb6c4-658f-4e55":{"x":184.5,"y":-326,"width":980,"height":3035.5625,"top":-326,"right":1164.5,"bottom":2709.5625,"left":184.5},"e4b0e09f-4ec7-4459":{"x":184.5,"y":-326,"width":980,"height":2464.1875,"top":-326,"right":1164.5,"bottom":2138.1875,"left":184.5},"7d32c39d-8da5-4480":{"x":184.5,"y":-326,"width":980,"height":514.1875,"top":-326,"right":1164.5,"bottom":188.1875,"left":184.5},"6b40f756-8173-46f4":{"x":194.5,"y":-326,"width":960,"height":364,"top":-326,"right":1154.5,"bottom":38,"left":194.5},"465e5bd2-1b8e-4eee":{"x":194.5,"y":-326,"width":960,"height":364,"top":-326,"right":1154.5,"bottom":38,"left":194.5},"d9e6f60f-1f86-4058":{"x":194.5,"y":-132,"width":960,"height":170,"top":-132,"right":1154.5,"bottom":38,"left":194.5},"ba6c1a7e-768e-4fbe":{"x":214.5,"y":-52,"width":690,"height":80,"top":-52,"right":904.5,"bottom":28,"left":214.5},"13ea60bc-1c00-498e":{"x":214.5,"y":-52,"width":690,"height":80,"top":-52,"right":904.5,"bottom":28,"left":214.5},"aa3ae009-4732-4de3":{"x":908.953125,"y":18,"width":211.59375,"height":10,"top":18,"right":1120.546875,"bottom":28,"left":908.953125},"6f59b21c-4e93-480c":{"x":194.5,"y":58,"width":960,"height":110.1875,"top":58,"right":1154.5,"bottom":168.1875,"left":194.5},"34c6b580-0bdf-496a":{"x":224.5,"y":88,"width":900,"height":20,"top":88,"right":1124.5,"bottom":108,"left":224.5},"fb3f386f-112c-4e93":{"x":224.5,"y":111.1875,"width":900,"height":18,"top":111.1875,"right":1124.5,"bottom":129.1875,"left":224.5},"6ef687d8-de2f-4152":{"x":974.484375,"y":89.0625,"width":160.015625,"height":39.1875,"top":89.0625,"right":1134.5,"bottom":128.25,"left":974.484375},"e47c61a6-83c9-4d5d":{"x":184.5,"y":188.1875,"width":980,"height":270,"top":188.1875,"right":1164.5,"bottom":458.1875,"left":184.5},"1f7e8ebc-a18d-445f":{"x":194.5,"y":188.1875,"width":470,"height":250,"top":188.1875,"right":664.5,"bottom":438.1875,"left":194.5},"2a2c8638-0088-4828":{"x":285.5,"y":194.1875,"width":363,"height":245,"top":194.1875,"right":648.5,"bottom":439.1875,"left":285.5},"2084e58e-e52b-48a0":{"x":588.4375,"y":194.1875,"width":60.0625,"height":15,"top":194.1875,"right":648.5,"bottom":209.1875,"left":588.4375},"a16a9ecd-f0e7-4535":{"x":285.5,"y":194.1875,"width":363,"height":18,"top":194.1875,"right":648.5,"bottom":212.1875,"left":285.5},"9e298580-e1ac-45fc":{"x":285.5,"y":221.1875,"width":363,"height":18,"top":221.1875,"right":648.5,"bottom":239.1875,"left":285.5},"bffa495b-345b-4545":{"x":285.5,"y":220.1875,"width":217.375,"height":20,"top":220.1875,"right":502.875,"bottom":240.1875,"left":285.5},"dc8b8010-473f-4799":{"x":285.5,"y":248.1875,"width":363,"height":108,"top":248.1875,"right":648.5,"bottom":356.1875,"left":285.5},"d4ac73f2-d454-4c96":{"x":285.5,"y":248.1875,"width":363,"height":108,"top":248.1875,"right":648.5,"bottom":356.1875,"left":285.5},"c2bbb755-92b3-4ead":{"x":285.5,"y":415.1875,"width":121.203125,"height":9,"top":415.1875,"right":406.703125,"bottom":424.1875,"left":285.5},"53a38beb-aaf0-4c0d":{"x":200.5,"y":199.1875,"width":80,"height":230,"top":199.1875,"right":280.5,"bottom":429.1875,"left":200.5},"909d02c0-5701-489b":{"x":200.5,"y":199.1875,"width":70,"height":230,"top":199.1875,"right":270.5,"bottom":429.1875,"left":200.5},"329611b3-fadd-4e21":{"x":684.5,"y":188.1875,"width":267,"height":250,"top":188.1875,"right":951.5,"bottom":438.1875,"left":684.5},"4ccc0a94-75f7-4da0":{"x":690.5,"y":203.1875,"width":250,"height":13,"top":203.1875,"right":940.5,"bottom":216.1875,"left":690.5},"f1070f80-db67-4867":{"x":690.5,"y":225.1875,"width":250,"height":144,"top":225.1875,"right":940.5,"bottom":369.1875,"left":690.5},"e06b7991-1d4f-497c":{"x":690.5,"y":225.1875,"width":250,"height":144,"top":225.1875,"right":940.5,"bottom":369.1875,"left":690.5},"c65bd44c-495b-46b2":{"x":690.5,"y":225.1875,"width":250,"height":36,"top":225.1875,"right":940.5,"bottom":261.1875,"left":690.5},"1e293b46-94bc-40f5":{"x":690.5,"y":225.1875,"width":250,"height":36,"top":225.1875,"right":940.5,"bottom":261.1875,"left":690.5},"6a08b402-e64a-452a":{"x":690.5,"y":279.1875,"width":250,"height":36,"top":279.1875,"right":940.5,"bottom":315.1875,"left":690.5},"ea84bdc3-4281-435e":{"x":690.5,"y":279.1875,"width":250,"height":36,"top":279.1875,"right":940.5,"bottom":315.1875,"left":690.5},"901ea09b-f19e-4c9e":{"x":797.90625,"y":281.1875,"width":57.375,"height":14,"top":281.1875,"right":855.28125,"bottom":295.1875,"left":797.90625},"087b5182-c7bf-4f76":{"x":690.5,"y":333.1875,"width":250,"height":36,"top":333.1875,"right":940.5,"bottom":369.1875,"left":690.5},"9671923a-9a03-4d03":{"x":690.5,"y":333.1875,"width":250,"height":36,"top":333.1875,"right":940.5,"bottom":369.1875,"left":690.5},"52653158-3b6c-4543":{"x":824.59375,"y":408,"width":115.90625,"height":19.1875,"top":408,"right":940.5,"bottom":427.1875,"left":824.59375},"d9f88053-42a3-432a":{"x":824.59375,"y":410,"width":96.6875,"height":14,"top":410,"right":921.28125,"bottom":424,"left":824.59375},"980126e9-3ce2-42f7":{"x":971.5,"y":188.1875,"width":183,"height":250,"top":188.1875,"right":1154.5,"bottom":438.1875,"left":971.5},"d0efab34-d85b-4552":{"x":977.5,"y":264.34375,"width":160,"height":17,"top":264.34375,"right":1137.5,"bottom":281.34375,"left":977.5},"45887b4d-2bcf-4da7":{"x":977.5,"y":194.1875,"width":160,"height":160,"top":194.1875,"right":1137.5,"bottom":354.1875,"left":977.5},"1ae813c7-0004-4554":{"x":977.5,"y":363.1875,"width":166,"height":54,"top":363.1875,"right":1143.5,"bottom":417.1875,"left":977.5},"b57ec53e-f0cb-497d":{"x":977.5,"y":363.1875,"width":166,"height":18,"top":363.1875,"right":1143.5,"bottom":381.1875,"left":977.5},"4941d2e8-e0ea-459a":{"x":977.5,"y":400.1875,"width":57.09375,"height":15,"top":400.1875,"right":1034.59375,"bottom":415.1875,"left":977.5},"cef0a6f5-c782-4daa":{"x":184.5,"y":458.1875,"width":980,"height":270,"top":458.1875,"right":1164.5,"bottom":728.1875,"left":184.5},"d71208a8-a784-48bf":{"x":194.5,"y":458.1875,"width":470,"height":250,"top":458.1875,"right":664.5,"bottom":708.1875,"left":194.5},"5d5f73a9-0716-45ef":{"x":285.5,"y":464.1875,"width":363,"height":245,"top":464.1875,"right":648.5,"bottom":709.1875,"left":285.5},"6de75559-e879-4a1c":{"x":588.4375,"y":464.1875,"width":60.0625,"height":15,"top":464.1875,"right":648.5,"bottom":479.1875,"left":588.4375},"1b58afc9-d4a7-4124":{"x":285.5,"y":464.1875,"width":363,"height":18,"top":464.1875,"right":648.5,"bottom":482.1875,"left":285.5},"fc3f2273-80d8-4628":{"x":285.5,"y":491.1875,"width":363,"height":36,"top":491.1875,"right":648.5,"bottom":527.1875,"left":285.5},"94abab49-6952-46cf":{"x":285.5,"y":490.1875,"width":236.53125,"height":38,"top":490.1875,"right":522.03125,"bottom":528.1875,"left":285.5},"4bd5ea0a-fa8e-4ca5":{"x":285.5,"y":536.1875,"width":363,"height":90,"top":536.1875,"right":648.5,"bottom":626.1875,"left":285.5},"6ec7ac20-2b7c-4780":{"x":285.5,"y":536.1875,"width":363,"height":90,"top":536.1875,"right":648.5,"bottom":626.1875,"left":285.5},"71536989-ee94-42e2":{"x":200.5,"y":469.1875,"width":80,"height":230,"top":469.1875,"right":280.5,"bottom":699.1875,"left":200.5},"b16d83a6-41b5-40bf":{"x":200.5,"y":469.1875,"width":70,"height":230,"top":469.1875,"right":270.5,"bottom":699.1875,"left":200.5},"eb53fb75-83c3-4d98":{"x":684.5,"y":458.1875,"width":470,"height":250,"top":458.1875,"right":1154.5,"bottom":708.1875,"left":684.5},"eaffa72c-80cb-463c":{"x":775.5,"y":464.1875,"width":363,"height":245,"top":464.1875,"right":1138.5,"bottom":709.1875,"left":775.5},"c7405e57-ef0e-473c":{"x":1078.4375,"y":464.1875,"width":60.0625,"height":15,"top":464.1875,"right":1138.5,"bottom":479.1875,"left":1078.4375},"4989f64e-d383-4583":{"x":775.5,"y":464.1875,"width":363,"height":18,"top":464.1875,"right":1138.5,"bottom":482.1875,"left":775.5},"cb080f99-8c71-4871":{"x":775.5,"y":491.1875,