{"04f316f5-6d18-40cd":{"x":0,"y":-637,"width":1349,"height":657,"top":-637,"right":1349,"bottom":20,"left":0},"3488e009-08f1-486e":{"x":0,"y":-637,"width":1349,"height":657,"top":-637,"right":1349,"bottom":20,"left":0},"9957dd57-fcea-4ac7":{"x":0,"y":-360,"width":1349,"height":2686.375,"top":-360,"right":1349,"bottom":2326.375,"left":0},"44bdc19e-e21e-430e":{"x":184.5,"y":-86.625,"width":980,"height":2413,"top":-86.625,"right":1164.5,"bottom":2326.375,"left":184.5},"ac97eef1-1722-4631":{"x":184.5,"y":-86.625,"width":180,"height":1230.1875,"top":-86.625,"right":364.5,"bottom":1143.5625,"left":184.5},"4c3ffd8a-05fc-4289":{"x":184.5,"y":-86.625,"width":180,"height":272,"top":-86.625,"right":364.5,"bottom":185.375,"left":184.5},"ab1b54c4-954e-4749":{"x":184.5,"y":-16.625,"width":180,"height":202,"top":-16.625,"right":364.5,"bottom":185.375,"left":184.5},"40d6e17f-3434-4fbd":{"x":184.5,"y":-16.625,"width":180,"height":18,"top":-16.625,"right":364.5,"bottom":1.375,"left":184.5},"17dbfd18-c91a-405e":{"x":184.5,"y":-17.625,"width":111.28125,"height":19,"top":-17.625,"right":295.78125,"bottom":1.375,"left":184.5},"dd866191-9f81-41c1":{"x":184.5,"y":6.375,"width":180,"height":36,"top":6.375,"right":364.5,"bottom":42.375,"left":184.5},"9dfd00b3-fb08-4cd9":{"x":184.5,"y":5.375,"width":156.09375,"height":37,"top":5.375,"right":340.59375,"bottom":42.375,"left":184.5},"0caedb3d-ff1b-429e":{"x":168.5,"y":9.375,"width":13,"height":13,"top":9.375,"right":181.5,"bottom":22.375,"left":168.5},"ca071b40-437f-45d2":{"x":184.5,"y":7.375,"width":156.09375,"height":33,"top":7.375,"right":340.59375,"bottom":40.375,"left":184.5},"b58fe067-8fa8-4b2e":{"x":184.5,"y":47.375,"width":180,"height":18,"top":47.375,"right":364.5,"bottom":65.375,"left":184.5},"065a55d1-1849-4930":{"x":184.5,"y":46.375,"width":127.203125,"height":19,"top":46.375,"right":311.703125,"bottom":65.375,"left":184.5},"0e55d8b1-b8bb-4516":{"x":168.5,"y":50.375,"width":13,"height":13,"top":50.375,"right":181.5,"bottom":63.375,"left":168.5},"77469d18-bbec-49b8":{"x":184.5,"y":48.375,"width":127.203125,"height":15,"top":48.375,"right":311.703125,"bottom":63.375,"left":184.5},"f6c78897-22f0-44f6":{"x":184.5,"y":70.375,"width":180,"height":36,"top":70.375,"right":364.5,"bottom":106.375,"left":184.5},"e8ea806d-e7b5-476c":{"x":184.5,"y":69.375,"width":145.96875,"height":37,"top":69.375,"right":330.46875,"bottom":106.375,"left":184.5},"ff23fd84-ee9a-479d":{"x":168.5,"y":73.375,"width":13,"height":13,"top":73.375,"right":181.5,"bottom":86.375,"left":168.5},"73f7757b-cfc1-4e94":{"x":184.5,"y":71.375,"width":145.96875,"height":33,"top":71.375,"right":330.46875,"bottom":104.375,"left":184.5},"0f367020-c2ba-45c0":{"x":184.5,"y":111.375,"width":180,"height":36,"top":111.375,"right":364.5,"bottom":147.375,"left":184.5},"16084e30-9d4f-4f61":{"x":184.5,"y":110.375,"width":168.375,"height":37,"top":110.375,"right":352.875,"bottom":147.375,"left":184.5},"d6dbe7d0-623c-4908":{"x":168.5,"y":114.375,"width":13,"height":13,"top":114.375,"right":181.5,"bottom":127.375,"left":168.5},"7f72313d-6acf-4295":{"x":184.5,"y":112.375,"width":168.375,"height":33,"top":112.375,"right":352.875,"bottom":145.375,"left":184.5},"e84af84d-82e6-46b1":{"x":194.5,"y":152.375,"width":170,"height":18,"top":152.375,"right":364.5,"bottom":170.375,"left":194.5},"04b52d5f-c6d2-4e94":{"x":194.5,"y":151.375,"width":63.578125,"height":19,"top":151.375,"right":258.078125,"bottom":170.375,"left":194.5},"404db81f-4ee1-4584":{"x":184.5,"y":195.375,"width":180,"height":220,"top":195.375,"right":364.5,"bottom":415.375,"left":184.5},"f0258a90-da36-448c":{"x":184.5,"y":195.375,"width":180,"height":18,"top":195.375,"right":364.5,"bottom":213.375,"left":184.5},"ac704dc5-af47-4271":{"x":184.5,"y":231.375,"width":180,"height":184,"top":231.375,"right":364.5,"bottom":415.375,"left":184.5},"f765a55b-7957-4341":{"x":184.5,"y":231.375,"width":180,"height":18,"top":231.375,"right":364.5,"bottom":249.375,"left":184.5},"6bc62a31-98e9-44d4":{"x":184.5,"y":230.375,"width":169.09375,"height":19,"top":230.375,"right":353.59375,"bottom":249.375,"left":184.5},"1aee2d8f-9e14-4ec1":{"x":168.5,"y":234.375,"width":13,"height":13,"top":234.375,"right":181.5,"bottom":247.375,"left":168.5},"860046c2-23bf-468f":{"x":184.5,"y":232.375,"width":169.09375,"height":15,"top":232.375,"right":353.59375,"bottom":247.375,"left":184.5},"147c03cb-d870-4c00":{"x":184.5,"y":254.375,"width":180,"height":36,"top":254.375,"right":364.5,"bottom":290.375,"left":184.5},"97eb3281-791c-4ecc":{"x":184.5,"y":253.375,"width":170.5625,"height":37,"top":253.375,"right":355.0625,"bottom":290.375,"left":184.5},"e682ad2c-d70a-4c7a":{"x":168.5,"y":257.375,"width":13,"height":13,"top":257.375,"right":181.5,"bottom":270.375,"left":168.5},"17d548ac-5726-4ab8":{"x":184.5,"y":255.375,"width":170.5625,"height":33,"top":255.375,"right":355.0625,"bottom":288.375,"left":184.5},"5349c8eb-71b5-47f0":{"x":184.5,"y":295.375,"width":180,"height":18,"top":295.375,"right":364.5,"bottom":313.375,"left":184.5},"fa40e206-bd85-48ce":{"x":184.5,"y":294.375,"width":89.578125,"height":19,"top":294.375,"right":274.078125,"bottom":313.375,"left":184.5},"5f923bd2-76c5-445e":{"x":168.5,"y":298.375,"width":13,"height":13,"top":298.375,"right":181.5,"bottom":311.375,"left":168.5},"834f1b98-520f-4fb0":{"x":184.5,"y":296.375,"width":89.578125,"height":15,"top":296.375,"right":274.078125,"bottom":311.375,"left":184.5},"d296cac8-2a9e-48e8":{"x":184.5,"y":318.375,"width":180,"height":36,"top":318.375,"right":364.5,"bottom":354.375,"left":184.5},"1c249b90-e780-4e94":{"x":184.5,"y":317.375,"width":131.53125,"height":37,"top":317.375,"right":316.03125,"bottom":354.375,"left":184.5},"7f836c2e-dd4e-4335":{"x":168.5,"y":321.375,"width":13,"height":13,"top":321.375,"right":181.5,"bottom":334.375,"left":168.5},"d21427f8-ab94-4787":{"x":184.5,"y":319.375,"width":131.53125,"height":33,"top":319.375,"right":316.03125,"bottom":352.375,"left":184.5},"70201cf9-a9b9-4d15":{"x":184.5,"y":359.375,"width":180,"height":18,"top":359.375,"right":364.5,"bottom":377.375,"left":184.5},"f005d61d-63fb-4e41":{"x":184.5,"y":358.375,"width":93.9375,"height":19,"top":358.375,"right":278.4375,"bottom":377.375,"left":184.5},"26eb09a3-f863-4b54":{"x":168.5,"y":362.375,"width":13,"height":13,"top":362.375,"right":181.5,"bottom":375.375,"left":168.5},"bc2fb770-f7d2-4b5f":{"x":184.5,"y":360.375,"width":93.9375,"height":15,"top":360.375,"right":278.4375,"bottom":375.375,"left":184.5},"f500e06f-952b-42a6":{"x":194.5,"y":382.375,"width":170,"height":18,"top":382.375,"right":364.5,"bottom":400.375,"left":194.5},"585f1868-1e1d-44d8":{"x":194.5,"y":381.375,"width":63.578125,"height":19,"top":381.375,"right":258.078125,"bottom":400.375,"left":194.5},"5226559f-db67-4aa9":{"x":184.5,"y":425.375,"width":180,"height":184,"top":425.375,"right":364.5,"bottom":609.375,"left":184.5},"6ea39e34-98ca-40f9":{"x":184.5,"y":425.375,"width":180,"height":18,"top":425.375,"right":364.5,"bottom":443.375,"left":184.5},"ae6cdcd4-3fe6-4026":{"x":184.5,"y":461.375,"width":180,"height":148,"top":461.375,"right":364.5,"bottom":609.375,"left":184.5},"070ea1c4-0977-42f1":{"x":184.5,"y":461.375,"width":180,"height":18,"top":461.375,"right":364.5,"bottom":479.375,"left":184.5},"1a2b637e-a880-4133":{"x":184.5,"y":460.375,"width":121.390625,"height":19,"top":460.375,"right":305.890625,"bottom":479.375,"left":184.5},"a79ba413-d433-4279":{"x":168.5,"y":464.375,"width":13,"height":13,"top":464.375,"right":181.5,"bottom":477.375,"left":168.5},"b590be39-92a1-458d":{"x":184.5,"y":462.375,"width":121.390625,"height":15,"top":462.375,"right":305.890625,"bottom":477.375,"left":184.5},"bccd20d0-7e9f-4196":{"x":184.5,"y":484.375,"width":180,"height":18,"top":484.375,"right":364.5,"bottom":502.375,"left":184.5},"2539cd00-e6fa-49d6":{"x":184.5,"y":483.375,"width":87.421875,"height":19,"top":483.375,"right":271.921875,"bottom":502.375,"left":184.5},"73814bac-a43f-414f":{"x":168.5,"y":487.375,"width":13,"height":13,"top":487.375,"right":181.5,