{"feeb6374-6f50-4af4":{"x":0,"y":0,"width":1349,"height":657,"top":0,"right":1349,"bottom":657,"left":0},"bc7dcf18-542d-48e6":{"x":0,"y":0,"width":1349,"height":657,"top":0,"right":1349,"bottom":657,"left":0},"8d61cf60-0c9a-4645":{"x":0,"y":0,"width":1349,"height":277,"top":0,"right":1349,"bottom":277,"left":0},"f5c7b3e3-9314-449d":{"x":0,"y":0,"width":1349,"height":106,"top":0,"right":1349,"bottom":106,"left":0},"30020f1e-a376-4e97":{"x":300.5,"y":5,"width":748,"height":90,"top":5,"right":1048.5,"bottom":95,"left":300.5},"b8c228eb-f963-407d":{"x":300.5,"y":5,"width":18,"height":88,"top":5,"right":318.5,"bottom":93,"left":300.5},"004e6b94-9272-4b80":{"x":318.5,"y":5,"width":728,"height":90,"top":5,"right":1046.5,"bottom":95,"left":318.5},"d752b30e-558a-4d96":{"x":318.5,"y":5,"width":728,"height":90,"top":5,"right":1046.5,"bottom":95,"left":318.5},"0df52612-4a36-48b1":{"x":318.5,"y":5,"width":728,"height":90,"top":5,"right":1046.5,"bottom":95,"left":318.5},"6b97362e-8e66-4592":{"x":184.5,"y":106,"width":980,"height":52,"top":106,"right":1164.5,"bottom":158,"left":184.5},"ddc5addd-c099-44d5":{"x":887.390625,"y":106,"width":277.109375,"height":35,"top":106,"right":1164.5,"bottom":141,"left":887.390625},"f7a0f403-afba-405f":{"x":891.390625,"y":101,"width":78.25,"height":40,"top":101,"right":969.640625,"bottom":141,"left":891.390625},"861fd8ce-1cee-4cd0":{"x":891.390625,"y":101,"width":78.25,"height":40,"top":101,"right":969.640625,"bottom":141,"left":891.390625},"d91bfdb0-f985-4ca8":{"x":973.640625,"y":101,"width":117.28125,"height":40,"top":101,"right":1090.921875,"bottom":141,"left":973.640625},"4a48b7fe-a035-4749":{"x":973.640625,"y":101,"width":117.28125,"height":40,"top":101,"right":1090.921875,"bottom":141,"left":973.640625},"0ccc8c46-2b02-4b0f":{"x":1094.921875,"y":101,"width":69.578125,"height":40,"top":101,"right":1164.5,"bottom":141,"left":1094.921875},"d33e5e98-91f5-4974":{"x":1094.921875,"y":101,"width":69.578125,"height":40,"top":101,"right":1164.5,"bottom":141,"left":1094.921875},"68c3d2a4-fe0d-4e0f":{"x":184.5,"y":158,"width":980,"height":119,"top":158,"right":1164.5,"bottom":277,"left":184.5},"f25785a6-b127-4d35":{"x":184.5,"y":178,"width":980,"height":79,"top":178,"right":1164.5,"bottom":257,"left":184.5},"d3bebc98-92cc-4071":{"x":184.5,"y":178,"width":980,"height":79,"top":178,"right":1164.5,"bottom":257,"left":184.5},"4b982458-a931-4564":{"x":626.828125,"y":178,"width":334.09375,"height":39,"top":178,"right":960.921875,"bottom":217,"left":626.828125},"3e7c0f18-660f-4189":{"x":646.828125,"y":178,"width":314.09375,"height":39,"top":178,"right":960.921875,"bottom":217,"left":646.828125},"780db2ca-7939-475b":{"x":646.828125,"y":178,"width":108.34375,"height":39,"top":178,"right":755.171875,"bottom":217,"left":646.828125},"61bc7371-36b3-40b5":{"x":646.828125,"y":178,"width":98.34375,"height":39,"top":178,"right":745.171875,"bottom":217,"left":646.828125},"a455e0e3-5be8-45e1":{"x":666.828125,"y":188,"width":58.34375,"height":19,"top":188,"right":725.171875,"bottom":207,"left":666.828125},"8d7433cf-183c-42d3":{"x":755.171875,"y":178,"width":97.8125,"height":39,"top":178,"right":852.984375,"bottom":217,"left":755.171875},"a32b6a7c-b5eb-44c2":{"x":755.171875,"y":178,"width":87.8125,"height":39,"top":178,"right":842.984375,"bottom":217,"left":755.171875},"952d2c56-27ed-43ab":{"x":775.171875,"y":188,"width":47.8125,"height":19,"top":188,"right":822.984375,"bottom":207,"left":775.171875},"a9c6a696-c218-4895":{"x":852.984375,"y":178,"width":107.9375,"height":39,"top":178,"right":960.921875,"bottom":217,"left":852.984375},"ee3ba6e5-8125-4174":{"x":852.984375,"y":178,"width":97.9375,"height":39,"top":178,"right":950.921875,"bottom":217,"left":852.984375},"b38836d5-68da-4c90":{"x":184.5,"y":217,"width":776.421875,"height":40,"top":217,"right":960.921875,"bottom":257,"left":184.5},"ffaf06c5-ff6e-49a8":{"x":184.5,"y":217,"width":746.421875,"height":40,"top":217,"right":930.921875,"bottom":257,"left":184.5},"0ebb139a-43fd-45d4":{"x":960.921875,"y":178,"width":203.578125,"height":79,"top":178,"right":1164.5,"bottom":257,"left":960.921875},"50220244-fc89-4d87":{"x":960.921875,"y":178,"width":203.578125,"height":63,"top":178,"right":1164.5,"bottom":241,"left":960.921875},"1d58b22a-9872-4ba7":{"x":970.921875,"y":178,"width":193.578125,"height":63,"top":178,"right":1164.5,"bottom":241,"left":970.921875},"a23a9266-c584-4159":{"x":970.921875,"y":178,"width":193.578125,"height":40,"top":178,"right":1164.5,"bottom":218,"left":970.921875},"3cb04a19-173a-4582":{"x":980.921875,"y":188,"width":135,"height":20,"top":188,"right":1115.921875,"bottom":208,"left":980.921875},"91af3485-7546-4762":{"x":1135.921875,"y":178,"width":18.578125,"height":40,"top":178,"right":1154.5,"bottom":218,"left":1135.921875},"c6dcb18d-6fc9-4cb3":{"x":1065.484375,"y":218,"width":99.015625,"height":23,"top":218,"right":1164.5,"bottom":241,"left":1065.484375},"6b91bfee-3780-4016":{"x":184.5,"y":277,"width":980,"height":3003.9375,"top":277,"right":1164.5,"bottom":3280.9375,"left":184.5},"f396fbe2-e5c6-46e9":{"x":184.5,"y":277,"width":980,"height":2432.5625,"top":277,"right":1164.5,"bottom":2709.5625,"left":184.5},"8da5aaf1-04e9-4bf0":{"x":184.5,"y":277,"width":980,"height":482.5625,"top":277,"right":1164.5,"bottom":759.5625,"left":184.5},"740ec80b-c42a-4ca8":{"x":194.5,"y":277,"width":960,"height":364.375,"top":277,"right":1154.5,"bottom":641.375,"left":194.5},"9e8cac19-847b-4928":{"x":194.5,"y":449.34375,"width":960,"height":17,"top":449.34375,"right":1154.5,"bottom":466.34375,"left":194.5},"615c7319-e1b2-4fca":{"x":194.5,"y":277,"width":960,"height":364.375,"top":277,"right":1154.5,"bottom":641.375,"left":194.5},"7dfc8658-2ffd-4940":{"x":194.5,"y":496.375,"width":480,"height":136,"top":496.375,"right":674.5,"bottom":632.375,"left":194.5},"c173047e-f338-4412":{"x":214.5,"y":506.375,"width":440,"height":20,"top":506.375,"right":654.5,"bottom":526.375,"left":214.5},"71194cb8-f135-4a5a":{"x":214.5,"y":526.375,"width":440,"height":18,"top":526.375,"right":654.5,"bottom":544.375,"left":214.5},"f2efd6dc-ce24-4be6":{"x":214.5,"y":523.375,"width":91.015625,"height":24,"top":523.375,"right":305.515625,"bottom":547.375,"left":214.5},"55548fd3-178b-4ee5":{"x":214.5,"y":562.375,"width":440,"height":60,"top":562.375,"right":654.5,"bottom":622.375,"left":214.5},"e1e91041-b405-471e":{"x":214.5,"y":562.375,"width":440,"height":60,"top":562.375,"right":654.5,"bottom":622.375,"left":214.5}}