{"b32fa228-0b33-49f1":{"x":0,"y":0,"width":1349,"height":657,"top":0,"right":1349,"bottom":657,"left":0},"74d17ded-f53a-4d72":{"x":0,"y":0,"width":1349,"height":657,"top":0,"right":1349,"bottom":657,"left":0},"3f5fe60e-b5a6-458e":{"x":0,"y":0,"width":1349,"height":198,"top":0,"right":1349,"bottom":198,"left":0},"608bd939-fd78-464b":{"x":0,"y":0,"width":1349,"height":106,"top":0,"right":1349,"bottom":106,"left":0},"385140b8-9c6a-42db":{"x":300.5,"y":5,"width":748,"height":90,"top":5,"right":1048.5,"bottom":95,"left":300.5},"d4d369b0-7b39-4e53":{"x":300.5,"y":5,"width":18,"height":88,"top":5,"right":318.5,"bottom":93,"left":300.5},"a5d6bedf-5a31-41e2":{"x":318.5,"y":5,"width":728,"height":90,"top":5,"right":1046.5,"bottom":95,"left":318.5},"9b6a661c-6270-4262":{"x":184.5,"y":106,"width":980,"height":92,"top":106,"right":1164.5,"bottom":198,"left":184.5},"c3ba80c8-48dc-4486":{"x":184.5,"y":106,"width":980,"height":72,"top":106,"right":1164.5,"bottom":178,"left":184.5},"aa79e1f1-08f7-4d94":{"x":184.5,"y":144,"width":980,"height":34,"top":144,"right":1164.5,"bottom":178,"left":184.5},"4f866e2b-f723-449d":{"x":184.5,"y":144,"width":980,"height":34,"top":144,"right":1164.5,"bottom":178,"left":184.5},"078613c9-e801-4553":{"x":511.171875,"y":106,"width":653.328125,"height":72,"top":106,"right":1164.5,"bottom":178,"left":511.171875},"8b65d31a-a38a-4c1c":{"x":672.671875,"y":106,"width":491.828125,"height":72,"top":106,"right":1164.5,"bottom":178,"left":672.671875},"8648a578-3f4b-4a55":{"x":672.671875,"y":106,"width":93.9375,"height":40,"top":106,"right":766.609375,"bottom":146,"left":672.671875},"72aa167c-c65c-4792":{"x":690.671875,"y":116,"width":57.9375,"height":19,"top":116,"right":748.609375,"bottom":135,"left":690.671875},"279d53c3-b63a-44ae":{"x":672.671875,"y":146,"width":93.9375,"height":200,"top":146,"right":766.609375,"bottom":346,"left":672.671875},"afbc1f46-015d-4d10":{"x":672.671875,"y":146,"width":93.9375,"height":50,"top":146,"right":766.609375,"bottom":196,"left":672.671875},"81522647-2d52-4aa9":{"x":672.671875,"y":146,"width":93.9375,"height":50,"top":146,"right":766.609375,"bottom":196,"left":672.671875},"abefb409-6e5a-4840":{"x":672.671875,"y":196,"width":93.9375,"height":50,"top":196,"right":766.609375,"bottom":246,"left":672.671875},"ddf191a5-5c0e-4972":{"x":672.671875,"y":196,"width":93.9375,"height":50,"top":196,"right":766.609375,"bottom":246,"left":672.671875},"50b4e862-fa9e-49a9":{"x":672.671875,"y":246,"width":93.9375,"height":29,"top":246,"right":766.609375,"bottom":275,"left":672.671875},"696da736-c9cd-49d4":{"x":672.671875,"y":246,"width":93.9375,"height":29,"top":246,"right":766.609375,"bottom":275,"left":672.671875},"6c8b0c85-8ecd-4188":{"x":672.671875,"y":275,"width":93.9375,"height":71,"top":275,"right":766.609375,"bottom":346,"left":672.671875},"8d1c5320-4be4-4361":{"x":672.671875,"y":275,"width":93.9375,"height":71,"top":275,"right":766.609375,"bottom":346,"left":672.671875},"eda2661c-9f27-4229":{"x":769.609375,"y":106,"width":94.34375,"height":40,"top":106,"right":863.953125,"bottom":146,"left":769.609375},"253fb1de-7dcc-4fe7":{"x":769.609375,"y":146,"width":94.34375,"height":378,"top":146,"right":863.953125,"bottom":524,"left":769.609375},"ac3b87ff-4add-4a88":{"x":787.609375,"y":146,"width":76.34375,"height":18,"top":146,"right":863.953125,"bottom":164,"left":787.609375},"c24eaec3-088e-4034":{"x":769.609375,"y":182,"width":94.34375,"height":44,"top":182,"right":863.953125,"bottom":226,"left":769.609375},"157b4950-f230-48a2":{"x":769.609375,"y":182,"width":94.34375,"height":44,"top":182,"right":863.953125,"bottom":226,"left":769.609375},"ee474cb2-21d4-42da":{"x":769.609375,"y":226,"width":94.34375,"height":26,"top":226,"right":863.953125,"bottom":252,"left":769.609375},"98b9b106-b202-492c":{"x":769.609375,"y":226,"width":94.34375,"height":26,"top":226,"right":863.953125,"bottom":252,"left":769.609375},"c88c4021-e338-4423":{"x":769.609375,"y":252,"width":94.34375,"height":26,"top":252,"right":863.953125,"bottom":278,"left":769.609375},"99a6d397-58d3-4733":{"x":769.609375,"y":252,"width":94.34375,"height":26,"top":252,"right":863.953125,"bottom":278,"left":769.609375},"bff2efd8-739d-42b7":{"x":769.609375,"y":278,"width":94.34375,"height":44,"top":278,"right":863.953125,"bottom":322,"left":769.609375},"82c7540e-7f93-43bc":{"x":769.609375,"y":278,"width":94.34375,"height":44,"top":278,"right":863.953125,"bottom":322,"left":769.609375},"49a8f968-42b5-471a":{"x":769.609375,"y":322,"width":94.34375,"height":26,"top":322,"right":863.953125,"bottom":348,"left":769.609375},"89f07d1a-6d98-4c8b":{"x":769.609375,"y":322,"width":94.34375,"height":26,"top":322,"right":863.953125,"bottom":348,"left":769.609375},"8c734502-4f33-4777":{"x":769.609375,"y":348,"width":94.34375,"height":44,"top":348,"right":863.953125,"bottom":392,"left":769.609375},"edb28111-cd49-45dd":{"x":769.609375,"y":348,"width":94.34375,"height":44,"top":348,"right":863.953125,"bottom":392,"left":769.609375},"aa0baa41-3ba2-42ea":{"x":769.609375,"y":392,"width":94.34375,"height":26,"top":392,"right":863.953125,"bottom":418,"left":769.609375},"bb453cd5-92cc-4410":{"x":769.609375,"y":392,"width":94.34375,"height":26,"top":392,"right":863.953125,"bottom":418,"left":769.609375},"0f78c972-01b9-4ff3":{"x":769.609375,"y":418,"width":94.34375,"height":62,"top":418,"right":863.953125,"bottom":480,"left":769.609375},"9050f626-ce03-4889":{"x":769.609375,"y":418,"width":94.34375,"height":62,"top":418,"right":863.953125,"bottom":480,"left":769.609375},"c4ea8552-5de9-487f":{"x":769.609375,"y":480,"width":94.34375,"height":44,"top":480,"right":863.953125,"bottom":524,"left":769.609375},"3f35ea48-a728-4f28":{"x":769.609375,"y":480,"width":94.34375,"height":44,"top":480,"right":863.953125,"bottom":524,"left":769.609375},"26fa46e7-e01b-499e":{"x":769.609375,"y":524,"width":94.34375,"height":816,"top":524,"right":863.953125,"bottom":1340,"left":769.609375},"5e4ea45a-4e27-4bb1":{"x":787.609375,"y":524,"width":76.34375,"height":18,"top":524,"right":863.953125,"bottom":542,"left":787.609375},"3c5dfccb-833c-4b09":{"x":769.609375,"y":560,"width":94.34375,"height":98,"top":560,"right":863.953125,"bottom":658,"left":769.609375},"f38ba83a-2560-491c":{"x":769.609375,"y":560,"width":94.34375,"height":98,"top":560,"right":863.953125,"bottom":658,"left":769.609375},"0a5b04d2-c996-4e6a":{"x":769.609375,"y":146,"width":94.34375,"height":1703,"top":146,"right":863.953125,"bottom":1849,"left":769.609375},"e80ee7f9-2d7d-43bf":{"x":797.609375,"y":174,"width":38.34375,"height":1522,"top":174,"right":835.953125,"bottom":1696,"left":797.609375},"4962ffcc-03f2-417a":{"x":866.953125,"y":106,"width":83.8125,"height":40,"top":106,"right":950.765625,"bottom":146,"left":866.953125},"ffa572ce-f726-4205":{"x":884.953125,"y":116,"width":47.8125,"height":19,"top":116,"right":932.765625,"bottom":135,"left":884.953125},"97be9440-2967-483f":{"x":866.953125,"y":146,"width":83.8125,"height":463,"top":146,"right":950.765625,"bottom":609,"left":866.953125},"543b1af9-e901-4a14":{"x":866.953125,"y":146,"width":83.8125,"height":113,"top":146,"right":950.765625,"bottom":259,"left":866.953125},"72604b27-0647-459a":{"x":866.953125,"y":146,"width":83.8125,"height":113,"top":146,"right":950.765625,"bottom":259,"left":866.953125},"d0f88a50-3fa1-423e":{"x":866.953125,"y":259,"width":83.8125,"height":50,"top":259,"right":950.765625,"bottom":309,"left":866.953125},"43e69af8-baab-45d3":{"x":866.953125,"y":259,"width":83.8125,"height":50,"top":259,"right":950.765625,"bottom":309,"left":866.953125},"2bb250dd-ef03-4270":{"x":866.953125,"y":309,"width":83.8125,"height":50,"top":309,"right":950.765625,"bottom":359,"left":866.953125},"7f753794-043b-4546":{"x":866.953125,"y":309,"width":83.8125,"height":50,"top":309,"right":950.765625,"bottom":359,"left":866.953125},"fa8a57ec-edc2-4230":{"x":866.953125,"y":359,"width":83.8125,"height":50,"top":359,"right":950.765625,"bottom":409,"left":866.953125},"d33f0137-9eee-455f":{"x":866.953125,"y":359,