{"01654963-9c67-4c2c":{"x":0,"y":0,"width":1349,"height":2351.921875,"top":0,"right":1349,"bottom":2351.921875,"left":0},"648eb9db-12fe-47a6":{"x":0,"y":50,"width":1349,"height":641,"top":50,"right":1349,"bottom":691,"left":0},"008c47a1-7be3-43f6":{"x":0,"y":50,"width":1349,"height":641,"top":50,"right":1349,"bottom":691,"left":0},"7ed3c898-9bf5-4f84":{"x":0,"y":0,"width":1349,"height":56,"top":0,"right":1349,"bottom":56,"left":0},"0428f102-760d-4ef3":{"x":0,"y":0,"width":1349,"height":55,"top":0,"right":1349,"bottom":55,"left":0},"9a05eeb9-e843-4681":{"x":0,"y":0,"width":123,"height":55,"top":0,"right":123,"bottom":55,"left":0},"476387fc-3c4b-4524":{"x":8,"y":19.5,"width":107,"height":15,"top":19.5,"right":115,"bottom":34.5,"left":8},"0bcc4c48-d2aa-44b9":{"x":27.999998092651367,"y":21.600000381469727,"width":30.160005569458008,"height":9.910001754760742,"top":21.600000381469727,"right":58.160003662109375,"bottom":31.51000213623047,"left":27.999998092651367},"2b8b316a-8e83-4c42":{"x":59.980003356933594,"y":21.559999465942383,"width":54.090003967285156,"height":12.64000129699707,"top":21.559999465942383,"right":114.07000732421875,"bottom":34.20000076293945,"left":59.980003356933594},"edd19021-7678-4f65":{"x":8,"y":20.5,"width":12,"height":2,"top":20.5,"right":20,"bottom":22.5,"left":8},"35de7480-ce03-48b5":{"x":8,"y":29.5,"width":12,"height":5,"top":29.5,"right":20,"bottom":34.5,"left":8},"92a62f40-969f-4827":{"x":8,"y":23.5,"width":12,"height":2,"top":23.5,"right":20,"bottom":25.5,"left":8},"7ca3b30b-f4a9-4716":{"x":8,"y":26.5,"width":12,"height":2,"top":26.5,"right":20,"bottom":28.5,"left":8},"352ca63e-61a3-463d":{"x":123,"y":9.703125,"width":196.265625,"height":35.59375,"top":9.703125,"right":319.265625,"bottom":45.296875,"left":123},"6370edc7-3861-4c2a":{"x":123,"y":11.703125,"width":50.96875,"height":31.59375,"top":11.703125,"right":173.96875,"bottom":43.296875,"left":123},"b90822f7-7859-4343":{"x":123,"y":11.703125,"width":50.96875,"height":31.59375,"top":11.703125,"right":173.96875,"bottom":43.296875,"left":123},"eb60464d-4fa4-4d16":{"x":177.96875,"y":11.703125,"width":81.53125,"height":31.59375,"top":11.703125,"right":259.5,"bottom":43.296875,"left":177.96875},"d4994d22-8412-43e7":{"x":177.96875,"y":11.703125,"width":81.53125,"height":31.59375,"top":11.703125,"right":259.5,"bottom":43.296875,"left":177.96875},"2b900565-c411-474a":{"x":263.5,"y":11.703125,"width":55.765625,"height":31.59375,"top":11.703125,"right":319.265625,"bottom":43.296875,"left":263.5},"a1300544-71d5-4bab":{"x":263.5,"y":11.703125,"width":55.765625,"height":31.59375,"top":11.703125,"right":319.265625,"bottom":43.296875,"left":263.5},"3334a423-f2a4-4749":{"x":319.265625,"y":11.203125,"width":853.734375,"height":32.59375,"top":11.203125,"right":1173,"bottom":43.796875,"left":319.265625},"4316f91f-90a8-4854":{"x":327.265625,"y":11.203125,"width":837.734375,"height":32.59375,"top":11.203125,"right":1165,"bottom":43.796875,"left":327.265625},"9cd8273c-4479-4c04":{"x":327.265625,"y":11.203125,"width":837.734375,"height":32.59375,"top":11.203125,"right":1165,"bottom":43.796875,"left":327.265625},"af5d4b71-53ae-4495":{"x":337.0625,"y":18.5,"width":18,"height":18,"top":18.5,"right":355.0625,"bottom":36.5,"left":337.0625},"d4a3696c-8af4-4eaa":{"x":337.06365966796875,"y":18.501144409179688,"width":17.99884033203125,"height":17.998855590820312,"top":18.501144409179688,"right":355.0625,"bottom":36.5,"left":337.06365966796875},"421a55f2-86fe-404e":{"x":1173,"y":0,"width":176,"height":55,"top":0,"right":1349,"bottom":55,"left":1173},"ab705535-ab73-476f":{"x":1173,"y":0,"width":164,"height":55,"top":0,"right":1337,"bottom":55,"left":1173},"5c831cf2-22a9-48b2":{"x":1173,"y":0,"width":48,"height":55,"top":0,"right":1221,"bottom":55,"left":1173},"f41e2838-4c8e-4023":{"x":1173,"y":0,"width":48,"height":55,"top":0,"right":1221,"bottom":55,"left":1173},"a199a765-d2a5-4d63":{"x":1185,"y":15.5,"width":24,"height":24,"top":15.5,"right":1209,"bottom":39.5,"left":1185},"fe53d45c-792b-4ba6":{"x":1185,"y":15.5,"width":24,"height":24,"top":15.5,"right":1209,"bottom":39.5,"left":1185},"e7db90dc-f37a-4dd1":{"x":1221,"y":0,"width":40,"height":55,"top":0,"right":1261,"bottom":55,"left":1221},"84a583c7-19c0-4294":{"x":1221,"y":0,"width":40,"height":55,"top":0,"right":1261,"bottom":55,"left":1221},"bde98230-3467-463e":{"x":1231,"y":18.5,"width":20,"height":18,"top":18.5,"right":1251,"bottom":36.5,"left":1231},"0eff94ad-2e38-4ed7":{"x":1231,"y":19.499414443969727,"width":20,"height":16.000585556030273,"top":19.499414443969727,"right":1251,"bottom":35.5,"left":1231},"a4041651-1377-40b7":{"x":1261,"y":0,"width":38,"height":55,"top":0,"right":1299,"bottom":55,"left":1261},"6ef35afb-6465-42a7":{"x":1261,"y":0,"width":38,"height":55,"top":0,"right":1299,"bottom":55,"left":1261},"420cea36-4dbd-4949":{"x":1271,"y":18.5,"width":18,"height":18,"top":18.5,"right":1289,"bottom":36.5,"left":1271},"cd8ef1e3-1067-482e":{"x":1271,"y":19.5,"width":18,"height":16,"top":19.5,"right":1289,"bottom":35.5,"left":1271},"0c4dee13-f0ac-4bcb":{"x":1299,"y":0,"width":38,"height":55,"top":0,"right":1337,"bottom":55,"left":1299},"d2d3e3df-e176-486a":{"x":1299,"y":0,"width":38,"height":55,"top":0,"right":1337,"bottom":55,"left":1299},"9fe0be69-4ec0-465b":{"x":1309,"y":18.5,"width":18,"height":18,"top":18.5,"right":1327,"bottom":36.5,"left":1309},"a5d06e43-844c-4dc6":{"x":1310,"y":19.5,"width":16,"height":17,"top":19.5,"right":1326,"bottom":36.5,"left":1310},"d4504577-a9ff-40f4":{"x":0,"y":50,"width":1349,"height":110,"top":50,"right":1349,"bottom":160,"left":0},"50bd5513-d2e4-491b":{"x":194.5,"y":65,"width":223,"height":52,"top":65,"right":417.5,"bottom":117,"left":194.5},"3b97488d-969b-4e5b":{"x":737.25,"y":90,"width":417.25,"height":19.59375,"top":90,"right":1154.5,"bottom":109.59375,"left":737.25},"e029abec-dcfd-4136":{"x":737.25,"y":90,"width":83.484375,"height":19,"top":90,"right":820.734375,"bottom":109,"left":737.25},"52d8b8fe-0f36-43a1":{"x":772.25,"y":90,"width":48.484375,"height":19,"top":90,"right":820.734375,"bottom":109,"left":772.25},"a5b47582-790e-4324":{"x":824.578125,"y":90,"width":146.890625,"height":19,"top":90,"right":971.46875,"bottom":109,"left":824.578125},"e79e7dd1-1de9-4bc8":{"x":859.578125,"y":90,"width":111.890625,"height":19,"top":90,"right":971.46875,"bottom":109,"left":859.578125},"e8cca392-6f53-454b":{"x":975.3125,"y":90,"width":94.9375,"height":19,"top":90,"right":1070.25,"bottom":109,"left":975.3125},"fbc39beb-a424-4684":{"x":1010.3125,"y":90,"width":59.9375,"height":19,"top":90,"right":1070.25,"bottom":109,"left":1010.3125},"63610d0b-5e26-4a3c":{"x":1074.09375,"y":90,"width":80.40625,"height":19,"top":90,"right":1154.5,"bottom":109,"left":1074.09375},"acabcbd9-f20c-4043":{"x":1109.09375,"y":90,"width":45.40625,"height":19,"top":90,"right":1154.5,"bottom":109,"left":1109.09375},"a02786cb-d19d-467d":{"x":0,"y":160,"width":1349,"height":531,"top":160,"right":1349,"bottom":691,"left":0},"f6bf63e2-315c-4e79":{"x":194.5,"y":183,"width":960,"height":325.9375,"top":183,"right":1154.5,"bottom":508.9375,"left":194.5},"cf5e5d35-6e2b-4cf4":{"x":194.5,"y":183,"width":960,"height":325.9375,"top":183,"right":1154.5,"bottom":508.9375,"left":194.5},"1493d71f-f4dc-4d2b":{"x":1131.5,"y":193,"width":11,"height":19.59375,"top":193,"right":1142.5,"bottom":212.59375,"left":1131.5},"c07a9eba-8ed4-42d1":{"x":1131.5,"y":193,"width":11,"height":19,"top":193,"right":1142.5,"bottom":212,"left":1131.5},"12d41e20-2d1b-42b3":{"x":1131.5,"y":197,"width":11,"height":11,"top":197,"right":1142.5,"bottom":208,"left":1131.5},"7ad56d9f-fc68-4385":{"x":226.5,"y":215,"width":896,"height":230.5625,"top":215,"right":1122.5,"bottom":445.5625,"left":226.5},"4a8d4f4a-65e6-4450":{"x":226.5,"y":215,"width":896,"height":25.1875,"top":215,"right":1122.5,"bottom":240.1875,"left":226.5},"ab1f92aa-37ba-47fe":{"x":316.09375,"y":215,"width":716.796875,"height":25.1875,"top":215,"right":1032.890625,"bottom":240.1875,"left":316.09375},